추첨일,회차,번호1,번호2,번호3,번호4,번호5,번호6,보너스,1등금액,2등금액,3등금액,4등금액,5등금액
2024.03.09,1110,3,7,11,20,22,41,24,1647392719,37229214,1202258,50000,5000
2024.03.02,1109,10,12,13,19,33,40,2,1584352875,53440474,1341202,50000,5000
2024.02.24,1108,7,19,26,37,39,44,27,1957990849,47590056,1415757,50000,5000
2024.02.17,1107,6,14,30,31,40,41,29,2025625233,57639743,1407942,50000,5000
2024.02.10,1106,1,3,4,29,42,45,36,2790462819,76355948,1516257,50000,5000
2024.02.03,1105,6,16,34,37,39,40,11,1834853800,55266681,1582863,50000,5000
2024.01.27,1104,1,7,21,30,35,38,2,1817193100,59776089,1514328,50000,5000
2024.01.20,1103,10,12,29,31,40,44,2,1574419633,58695469,1533468,50000,5000
2024.01.13,1102,13,14,22,26,37,38,20,1383591413,73205895,1516099,50000,5000
2024.01.06,1101,6,7,13,28,36,42,41,2100529500,60681964,1353300,50000,5000
2023.12.30,1100,17,26,29,30,31,43,12,2207575472,59050373,1667160,50000,5000
2023.12.23,1099,3,20,28,38,40,43,4,2959934125,62533820,1643800,50000,5000
2023.12.16,1098,12,16,21,24,41,43,15,1930461895,61509816,1472771,50000,5000
2023.12.09,1097,14,33,34,35,37,40,4,3864293090,67288686,1713547,50000,5000
2023.12.02,1096,1,12,16,19,23,43,34,2539391175,49791984,1447442,50000,5000
2023.11.25,1095,8,14,28,29,34,40,12,2617825575,76544608,1688484,50000,5000
2023.11.18,1094,6,7,15,22,26,40,41,2112854469,48571368,1550719,50000,5000
2023.11.11,1093,10,17,22,30,35,43,44,1967040750,65568025,1455575,50000,5000
2023.11.04,1092,7,18,19,26,33,45,37,1583289844,50263170,1269044,50000,5000
2023.10.28,1091,6,20,23,24,28,30,44,2898470459,66887780,1513299,50000,5000
2023.10.21,1090,12,19,21,29,40,45,1,2386494614,49718638,1492747,50000,5000
2023.10.14,1089,4,18,31,37,42,43,40,2978522167,56554219,1581517,50000,5000
2023.10.07,1088,11,21,22,30,39,44,31,2434697898,47485243,1492348,50000,5000
2023.09.30,1087,13,14,18,21,34,44,16,1732253602,65061169,1545448,50000,5000
2023.09.23,1086,11,16,25,27,35,36,37,1515913809,64105808,1313483,50000,5000
2023.09.16,1085,4,7,17,18,38,44,36,1073277473,51427879,1185316,50000,5000
2023.09.09,1084,8,12,13,29,33,42,5,1738764600,40625342,1447523,50000,5000
2023.09.02,1083,3,7,14,15,22,38,17,1713084525,59482102,1308098,50000,5000
2023.08.26,1082,21,26,27,32,34,42,31,3720489643,70009214,1568126,50000,5000
2023.08.19,1081,1,9,16,23,24,38,17,2343892944,46708012,1470112,50000,5000
2023.08.12,1080,13,16,23,31,36,44,38,3639444429,51780714,1561037,50000,5000
2023.08.05,1079,4,8,18,24,37,45,6,2712329417,47864637,1266655,50000,5000
2023.07.29,1078,6,10,11,14,36,38,43,2141604938,55626103,1591680,50000,5000
2023.07.22,1077,4,8,17,30,40,43,34,3570901018,42510727,1287806,50000,5000
2023.07.15,1076,3,7,9,33,36,37,10,2672689750,46616682,1289494,50000,5000
2023.07.08,1075,1,23,24,35,44,45,10,2896337167,27153161,1579821,50000,5000
2023.07.01,1074,1,6,20,27,28,41,15,2134763657,54737530,1574891,50000,5000
2023.06.24,1073,6,18,28,30,32,38,15,2345227603,69348129,1436067,50000,5000
2023.06.17,1072,16,18,20,23,32,43,27,2175006375,46774331,1514629,50000,5000
2023.06.10,1071,1,2,11,21,30,35,39,5183979750,52047990,1494287,50000,5000
2023.06.03,1070,3,6,14,22,30,41,36,1859116929,68856183,1476495,50000,5000
2023.05.27,1069,1,10,18,22,28,31,44,1863217554,55031743,1446277,50000,5000
2023.05.20,1068,4,7,19,26,33,35,3,1363929514,49644944,1386998,50000,5000
2023.05.13,1067,7,10,19,23,28,33,18,1981114010,52346509,1166734,50000,5000
2023.05.06,1066,6,11,16,19,21,32,45,1670947250,47470093,1257108,50000,5000
2023.04.29,1065,3,18,19,23,32,45,24,1852593938,58415125,1386821,50000,5000
2023.04.22,1064,3,6,9,18,22,35,14,1348168106,68858049,1295267,50000,5000
2023.04.15,1063,3,6,22,23,24,38,30,3770311875,79976313,1625535,50000,5000
2023.04.08,1062,20,31,32,40,41,45,12,3801933804,65229257,1662515,50000,5000
2023.04.01,1061,4,24,27,35,37,45,15,2422768773,44866089,1479102,50000,5000
2023.03.25,1060,3,10,24,33,38,45,36,898238907,43664392,912646,50000,5000
2023.03.18,1059,7,10,22,25,34,40,27,2033168481,53074680,1408762,50000,5000
2023.03.11,1058,11,23,25,30,32,40,42,2058020250,74317398,1450568,50000,5000
2023.03.04,1057,8,13,19,27,40,45,12,1616069714,6895880,1545870,50000,5000
2023.02.25,1056,13,20,24,32,36,45,29,1969662456,56739248,1425964,50000,5000
2023.02.18,1055,4,7,12,14,22,33,31,2362815205,47085086,1269215,50000,5000
2023.02.11,1054,14,19,27,28,30,45,33,3147925709,71543767,1739827,50000,5000
2023.02.04,1053,22,26,29,30,34,45,15,4090367411,74563990,1766135,50000,5000
2023.01.28,1052,5,17,26,27,35,38,1,2341682762,39750788,1467220,50000,5000
2023.01.21,1051,21,26,30,32,33,35,44,1669558480,71552507,1773611,50000,5000
2023.01.14,1050,6,12,31,35,38,43,17,1535083280,62134324,1517587,50000,5000
2023.01.07,1049,3,5,13,20,21,37,17,1727810100,48533992,1455366,50000,5000
2022.12.31,1048,6,12,17,21,32,39,30,1612494508,44791515,1196944,50000,5000
2022.12.24,1047,2,20,33,40,42,44,32,2748797875,49677071,1511436,50000,5000
2022.12.17,1046,7,16,25,29,35,36,28,2011415719,70575991,1359524,50000,5000
2022.12.10,1045,6,14,15,19,21,41,37,1990060443,64355189,1597554,50000,5000
2022.12.03,1044,12,17,20,26,28,36,4,3136941235,58091505,1610547,50000,5000
2022.11.26,1043,3,5,12,22,26,31,19,1468646956,48385656,1318494,50000,5000
2022.11.19,1042,5,14,15,23,34,43,4,1240663669,41355456,1159391,50000,5000
2022.11.12,1041,6,7,9,11,17,18,45,935091165,45837803,987133,50000,5000
2022.11.05,1040,8,16,26,29,31,36,11,3660482625,67786716,1653335,50000,5000
2022.10.29,1039,2,3,6,19,36,39,26,1585019672,52833990,1524241,50000,5000
2022.10.22,1038,7,16,24,27,37,44,2,1627457225,52839521,1209466,50000,5000
2022.10.15,1037,2,14,15,22,27,33,31,1708576825,54762078,1574435,50000,5000
2022.10.08,1036,2,5,22,32,34,45,39,2837323167,66499762,1641337,50000,5000
2022.10.01,1035,9,14,34,35,41,42,2,3231193735,60679695,1512732,50000,5000
2022.09.24,1034,26,31,32,33,38,40,11,2868856209,65201278,1484916,50000,5000
2022.09.17,1033,3,11,15,20,35,44,10,1913414943,52477625,1344708,50000,5000
2022.09.10,1032,1,6,12,19,36,42,28,2675257538,49541807,1448591,50000,5000
2022.09.03,1031,6,7,22,32,35,36,19,3213957563,66957450,1536493,50000,5000
2022.08.27,1030,2,5,11,17,24,29,9,1276406507,38864942,1233055,50000,5000
2022.08.20,1029,12,30,32,37,39,41,24,2527848450,67952916,1611738,50000,5000
2022.08.13,1028,5,7,12,13,18,35,23,1181235132,43268687,1401228,50000,5000
2022.08.06,1027,14,16,27,35,39,45,5,2460504338,49407718,1518830,50000,5000
2022.07.30,1026,5,12,13,31,32,41,34,1619118475,53260477,1452907,50000,5000
2022.07.23,1025,8,9,20,25,29,33,7,6118853344,59119356,1527232,50000,5000
2022.07.16,1024,9,18,20,22,38,44,10,3020323500,63922191,1539411,50000,5000
2022.07.09,1023,10,14,16,18,29,35,25,2745677875,57201623,1643463,50000,5000
2022.07.02,1022,5,6,11,29,42,45,28,4866468075,64371271,1571857,50000,5000
2022.06.25,1021,12,15,17,24,29,45,16,2108962250,75320081,1713907,50000,5000
2022.06.18,1020,12,27,29,38,41,45,6,1966431520,55332489,1512461,50000,5000
2022.06.11,1019,1,4,13,17,34,39,6,438565140,48729460,627634,50000,5000
2022.06.04,1018,3,19,21,25,37,45,35,12361744688,66460993,1530109,50000,5000
2022.05.28,1017,12,18,22,23,30,34,32,3517684822,58628081,1580881,50000,5000
2022.05.21,1016,15,26,28,34,41,42,44,2260660671,60949185,1543018,50000,5000
2022.05.14,1015,14,23,31,33,37,40,44,3051105610,39883734,1412549,50000,5000
2022.05.07,1014,3,11,14,18,26,27,21,2410449338,58223414,1410115,50000,5000
2022.04.30,1013,21,22,26,34,36,41,32,5047570725,53244417,1626570,50000,5000
2022.04.23,1012,5,11,18,20,35,45,3,1861944318,53081746,1399797,50000,5000
2022.04.16,1011,1,9,12,26,35,38,42,2220348512,53561039,1444514,50000,5000
2022.04.09,1010,9,12,15,25,34,36,3,3119380079,63017780,1495568,50000,5000
2022.04.02,1009,15,23,29,34,40,44,20,1702462825,61683436,1617081,50000,5000
2022.03.26,1008,9,11,30,31,41,44,33,2267377910,42854222,1470935,50000,5000
2022.03.19,1007,8,11,16,19,21,25,40,2718786375,58259709,1433960,50000,5000
2022.03.12,1006,8,11,15,16,17,37,36,2855602125,65898511,1722318,50000,5000
2022.03.05,1005,8,13,18,24,27,29,17,2061199344,49076175,1473338,50000,5000
2022.02.26,1004,7,15,30,37,39,44,18,2576251913,63143430,1541743,50000,5000
2022.02.19,1003,1,4,29,39,43,45,31,1811116822,64029383,1595297,50000,5000
2022.02.12,1002,17,25,33,35,38,45,15,3088449563,48446268,1289676,50000,5000
2022.02.05,1001,6,10,12,14,20,42,15,2077279594,62947867,1504730,50000,5000
2022.01.29,1000,2,8,19,22,32,42,39,1246819620,41941945,1137798,50000,5000
2022.01.22,999,1,3,9,14,18,28,34,1513274790,60229843,1371186,50000,5000
2022.01.15,998,13,17,18,20,42,45,41,2076499657,78358478,1568354,50000,5000
2022.01.08,997,4,7,14,16,24,44,20,1253749560,46708317,1075354,50000,5000
2022.01.01,996,6,11,15,24,32,39,28,1491185771,52018109,1350305,50000,5000
2021.12.25,995,1,4,13,29,38,39,7,3447271875,58287206,1439964,50000,5000
2021.12.18,994,1,3,8,24,27,35,28,1861582063,53188059,1328279,50000,5000
2021.12.11,993,6,14,16,18,24,42,44,3991197063,57017101,1460907,50000,5000
2021.12.04,992,12,20,26,33,44,45,24,1986955563,68515710,1674636,50000,5000
2021.11.27,991,13,18,25,31,33,44,38,2904166032,35202013,1304218,50000,5000
2021.11.20,990,2,4,25,26,36,37,28,1740095277,72503970,1420652,50000,5000
2021.11.13,989,17,18,21,27,29,33,26,5826768563,61658927,1589408,50000,5000
2021.11.06,988,2,13,20,30,31,41,27,2678489375,65864493,1508725,50000,5000
2021.10.30,987,2,4,15,23,29,38,7,2378711625,54308485,1335755,50000,5000
2021.10.23,986,7,10,16,28,41,42,40,2375275125,56554170,1417398,50000,5000
2021.10.16,985,17,21,23,30,34,44,19,2434752975,65450349,1572229,50000,5000
2021.10.09,984,3,10,23,35,36,37,18,3453006268,62945427,1551814,50000,5000
2021.10.02,983,13,23,26,31,35,43,15,2503422225,53491928,1580444,50000,5000
2021.09.25,982,5,7,13,20,21,44,33,3023630672,49771699,1375472,50000,5000
2021.09.18,981,27,36,37,41,43,45,32,1992863193,66428774,1528991,50000,5000
2021.09.11,980,3,13,16,23,24,35,14,3409443215,56824054,1411027,50000,5000
2021.09.04,979,7,11,16,21,27,33,24,1606400518,47446429,1097911,50000,5000
2021.08.28,978,1,7,15,32,34,42,8,2373391388,56509319,1399736,50000,5000
2021.08.21,977,2,9,10,14,22,44,16,1669905911,47517648,1574959,50000,5000
2021.08.14,976,4,12,14,25,35,37,2,3243867215,54847997,1226747,50000,5000
2021.08.07,975,7,8,9,17,22,24,5,2440410375,60010092,1294419,50000,5000
2021.07.31,974,1,2,11,16,39,44,32,1317034523,56539361,1415629,50000,5000
2021.07.24,973,22,26,31,37,41,42,24,2912742750,92468024,1720717,50000,5000
2021.07.17,972,3,6,17,23,37,39,26,1124886244,46870261,1458997,50000,5000
2021.07.10,971,2,6,17,18,21,26,7,3725880250,60094843,1387665,50000,5000
2021.07.03,970,9,11,16,21,28,36,5,1611544045,43221488,1516850,50000,5000
2021.06.26,969,3,9,10,29,40,45,7,1149427894,68418328,1455157,50000,5000
2021.06.19,968,2,5,12,14,24,39,33,1667729683,37251694,1159633,50000,5000
2021.06.12,967,1,6,13,37,38,40,9,5809776094,56133103,1564923,50000,5000
2021.06.05,966,1,21,25,29,34,37,36,2411303513,80376784,1708691,50000,5000
2021.05.29,965,2,13,25,28,29,36,34,3403348929,86316821,1662024,50000,5000
2021.05.22,964,6,21,36,38,39,43,30,2345861063,75187855,1597781,50000,5000
2021.05.15,963,6,12,19,23,34,42,35,1476478125,54282285,1176665,50000,5000
2021.05.08,962,1,18,28,31,34,43,40,1940906094,53175510,1503996,50000,5000
2021.05.01,961,11,20,29,31,33,42,43,2575231209,52915710,1422256,50000,5000
2021.04.24,960,2,18,24,30,32,45,14,2401133213,71462298,1557762,50000,5000
2021.04.17,959,1,14,15,24,40,41,35,3015312891,53605563,1606882,50000,5000
2021.04.10,958,2,9,10,16,35,37,1,1596119675,59556705,1615506,50000,5000
2021.04.03,957,4,15,24,35,36,40,1,2126634137,63915234,1375249,50000,5000
2021.03.27,956,10,11,20,21,25,41,40,2022982671,27270600,1214806,50000,5000
2021.03.20,955,4,9,23,26,29,33,8,2023170188,56990710,1526921,50000,5000
2021.03.13,954,1,9,26,28,30,41,32,2478795900,64551977,1554884,50000,5000
2021.03.06,953,7,9,22,27,37,42,34,1640636009,37530890,1169616,50000,5000
2021.02.27,952,4,12,22,24,33,41,38,2713699834,43769353,1339438,50000,5000
2021.02.20,951,2,12,30,31,39,43,38,1747552661,56633652,1402692,50000,5000
2021.02.13,950,3,4,15,22,28,40,10,3281920500,65311851,1516249,50000,5000
2021.02.06,949,14,21,35,36,40,44,30,2458569713,63040250,1579652,50000,5000
2021.01.30,948,13,18,30,31,38,41,5,2188548716,44581548,1381184,50000,5000
2021.01.23,947,3,8,17,20,27,35,26,1275855750,65992539,1202881,50000,5000
2021.01.16,946,9,18,19,30,34,40,20,2157656182,55714127,1341371,50000,5000
2021.01.09,945,9,10,15,30,33,37,26,1765554491,53878424,1536293,50000,5000
2021.01.02,944,2,13,16,19,32,33,42,1961836356,53805639,1390464,50000,5000
2020.12.26,943,1,8,13,36,44,45,39,3435045108,54156117,1472283,50000,5000
2020.12.19,942,10,12,18,35,42,43,39,3761680313,72340007,1521101,50000,5000
2020.12.12,941,12,14,25,27,39,40,35,1347297422,41296473,1097037,50000,5000
2020.12.05,940,3,15,20,22,24,41,11,2846071079,74407088,1629353,50000,5000
2020.11.28,939,4,11,28,39,42,45,6,1708363039,55245571,1380110,50000,5000
2020.11.21,938,4,8,10,16,31,36,9,2249466563,58579859,1481277,50000,5000
2020.11.14,937,2,10,13,22,29,40,26,2058420819,66206518,1521683,50000,5000
2020.11.07,936,7,11,13,17,18,29,43,1492069179,45214218,1215606,50000,5000
2020.10.31,935,4,10,20,32,38,44,18,1711055424,30894057,1263992,50000,5000
2020.10.24,934,1,3,30,33,36,39,12,5765772844,58240130,1629440,50000,5000
2020.10.17,933,23,27,29,31,36,45,37,2927797079,61963960,1762407,50000,5000
2020.10.10,932,1,6,15,36,37,38,5,3390022983,61797294,1634309,50000,5000
2020.10.03,931,14,15,23,25,35,43,32,2957108063,73015014,1518803,50000,5000
2020.09.26,930,8,21,25,38,39,44,28,2832418829,68664699,1360432,50000,5000
2020.09.19,929,7,9,12,15,19,23,4,1308035157,38330701,1151947,50000,5000
2020.09.12,928,3,4,10,20,28,44,30,3134591358,45148436,1385761,50000,5000
2020.09.05,927,4,15,22,38,41,43,26,3714203875,58955618,1593396,50000,5000
2020.08.29,926,10,16,18,20,25,31,6,2032490663,47048395,1158907,50000,5000
2020.08.22,925,13,24,32,34,39,42,4,1771080532,52090604,1516986,50000,5000
2020.08.15,924,3,11,34,42,43,44,13,2382430667,51791972,1625863,50000,5000
2020.08.08,923,3,17,18,23,36,41,26,2667554625,63513206,1496945,50000,5000
2020.08.01,922,2,6,13,17,27,43,36,3417904500,38403422,1188423,50000,5000
2020.07.25,921,5,7,12,22,28,41,1,1232573405,48504047,1302123,50000,5000
2020.07.18,920,2,3,26,33,34,43,29,3120260197,68684973,1550385,50000,5000
2020.07.11,919,9,14,17,18,42,44,35,4305150450,64064739,1411896,50000,5000
2020.07.04,918,7,11,12,31,33,38,5,1117622646,38986837,1233580,50000,5000
2020.06.27,917,1,3,23,24,27,43,34,2144799638,76056725,1581711,50000,5000
2020.06.20,916,6,21,22,32,35,36,17,2025384341,53045781,1700186,50000,5000
2020.06.13,915,2,6,11,13,22,37,14,3518640500,55851437,1444434,50000,5000
2020.06.06,914,16,19,24,33,42,44,27,1950005557,65000186,1382983,50000,5000
2020.05.30,913,6,14,16,21,27,37,40,1338755602,54091136,1447108,50000,5000
2020.05.23,912,5,8,18,21,22,38,10,1493500581,49783353,1368212,50000,5000
2020.05.16,911,4,5,12,14,32,42,35,2113538625,60733869,1370115,50000,5000
2020.05.09,910,1,11,17,27,35,39,31,941316375,45758435,1222943,50000,5000
2020.05.02,909,7,24,29,30,34,35,33,2021062875,58814000,1599863,50000,5000
2020.04.25,908,3,16,21,22,23,44,30,2834856141,66312425,1749102,50000,5000
2020.04.18,907,21,27,29,38,40,44,37,3165059036,55112969,1605465,50000,5000
2020.04.11,906,2,5,14,28,31,32,20,2472607250,58871602,1565602,50000,5000
2020.04.04,905,3,4,16,27,38,40,20,3017862536,45725190,1332138,50000,5000
2020.03.28,904,2,6,8,26,43,45,11,2718077813,39392433,1550751,50000,5000
2020.03.21,903,2,15,16,21,22,28,45,1684582212,74488330,1575963,50000,5000
2020.03.14,902,7,19,23,24,36,39,30,1619317529,52365990,1479141,50000,5000
2020.03.07,901,5,18,20,23,30,34,21,2267974667,50775553,1473987,50000,5000
2020.02.29,900,7,13,16,18,35,38,14,3349851375,65683361,1404550,50000,5000
2020.02.22,899,8,19,20,21,33,39,37,3359356063,63384077,1398567,50000,5000
2020.02.15,898,18,21,28,35,37,42,17,2639313235,62840792,1086138,50000,5000
2020.02.08,897,6,7,12,22,26,36,29,1619922520,56610196,1463650,50000,5000
2020.02.01,896,5,12,25,26,38,45,23,3053222036,77436791,1377453,50000,5000
2020.01.25,895,16,26,31,38,39,41,23,1928079219,66485491,1402240,50000,5000
2020.01.18,894,19,32,37,40,41,43,45,2377935959,63694714,1530204,50000,5000
2020.01.11,893,1,15,17,23,25,41,10,2377433625,61485353,1687720,50000,5000
2020.01.04,892,4,9,17,18,26,42,36,1282017464,46569011,1340858,50000,5000
2019.12.28,891,9,13,28,31,39,41,19,3082673947,46707182,1472147,50000,5000
2019.12.21,890,1,4,14,18,29,37,6,2335486167,60400505,1474424,50000,5000
2019.12.14,889,3,13,29,38,39,42,26,2108986950,58582971,1503413,50000,5000
2019.12.07,888,3,7,12,31,34,38,32,2370359204,53567440,1288414,50000,5000
2019.11.30,887,8,14,17,27,36,45,10,2535268688,51217550,1415561,50000,5000
2019.11.23,886,19,23,28,37,42,45,2,2974643786,58820640,1621691,50000,5000
2019.11.16,885,1,3,24,27,39,45,31,1543832568,59731618,1467737,50000,5000
2019.11.09,884,4,14,23,28,37,45,17,1799077282,48623711,1630338,50000,5000
2019.11.02,883,9,18,32,33,37,44,22,1360519525,52327675,1340150,50000,5000
2019.10.26,882,18,34,39,43,44,45,23,4127270400,78168000,1651966,50000,5000
2019.10.19,881,4,18,20,26,27,32,9,2503212282,49815170,1524722,50000,5000
2019.10.12,880,7,17,19,23,24,45,38,2837810465,63668825,1419717,50000,5000
2019.10.05,879,1,4,10,14,15,35,20,3206361313,41641057,1236069,50000,5000
2019.09.28,878,2,6,11,16,25,31,3,3207993500,46492660,1079769,50000,5000
2019.09.21,877,5,17,18,22,23,43,12,1716607188,45776192,1584317,50000,5000
2019.09.14,876,5,16,21,26,34,42,24,1090657856,58538134,1423054,50000,5000
2019.09.07,875,19,22,30,34,39,44,36,1415946724,100117446,1450341,50000,5000
2019.08.31,874,1,15,19,23,28,42,32,1117123917,49284879,1496149,50000,5000
2019.08.24,873,3,5,12,13,33,39,38,1874553225,45944932,1315476,50000,5000
2019.08.17,872,2,4,30,32,33,43,29,1262705579,73200324,1668591,50000,5000
2019.08.10,871,2,6,12,26,30,34,38,2718071358,51984972,1421374,50000,5000
2019.08.03,870,21,25,30,32,40,42,31,1928842988,66973715,1581279,50000,5000
2019.07.27,869,2,6,20,27,37,39,4,1922582588,57219720,1449912,50000,5000
2019.07.20,868,12,17,28,41,43,44,25,3233804250,53013185,1502698,50000,5000
2019.07.13,867,14,17,19,22,24,40,41,3933755250,57511042,1507186,50000,5000
2019.07.06,866,9,15,29,34,37,39,12,2240409000,49420787,1651408,50000,5000
2019.06.29,865,3,15,22,32,33,45,2,1551729145,64655382,1619499,50000,5000
2019.06.22,864,3,7,10,13,25,36,32,1716553637,49172110,1275645,50000,5000
2019.06.15,863,16,21,28,35,39,43,12,2853357322,52014327,1630224,50000,5000
2019.06.08,862,10,34,38,40,42,43,32,2190922709,52164827,1609395,50000,5000
2019.06.01,861,11,17,19,21,22,25,24,4872108844,49970348,1439749,50000,5000
2019.05.25,860,4,8,18,25,27,32,42,1879899825,50534942,1339533,50000,5000
2019.05.18,859,8,22,35,38,39,41,24,1853927489,66644453,1793598,50000,5000
2019.05.11,858,9,13,32,38,39,43,23,2202347459,80573688,1592059,50000,5000
2019.05.04,857,6,10,16,28,34,38,43,1284915425,51811106,1357114,50000,5000
2019.04.27,856,10,24,40,41,43,44,17,3977927550,62546031,1700842,50000,5000
2019.04.20,855,8,15,17,19,43,44,7,2269510500,55807636,1683614,50000,5000
2019.04.13,854,20,25,31,32,36,43,3,3421706750,77766063,1834696,50000,5000
2019.04.06,853,2,8,23,26,27,44,13,2885006786,37398237,1667910,50000,5000
2019.03.30,852,11,17,28,30,33,35,9,4801543407,47776552,1375013,50000,5000
2019.03.23,851,14,18,22,26,31,44,40,2483692313,47308425,1576197,50000,5000
2019.03.16,850,16,20,24,28,36,39,5,3377587875,61410689,1669594,50000,5000
2019.03.09,849,5,13,17,29,34,39,3,1158252883,58602081,1223608,50000,5000
2019.03.02,848,1,2,16,22,38,39,34,3011580858,83655024,1665961,50000,5000
2019.02.23,847,12,16,26,28,30,42,22,2520846657,84028222,1375821,50000,5000
2019.02.16,846,5,18,30,41,43,45,13,1596884395,50143713,1732557,50000,5000
2019.02.09,845,1,16,29,33,40,45,6,1891217182,61914849,1701292,50000,5000
2019.02.02,844,7,8,13,15,33,45,18,1162963542,47793023,1450080,50000,5000
2019.01.26,843,19,21,30,33,34,42,4,4012970100,64310419,1670401,50000,5000
2019.01.19,842,14,26,32,36,39,42,38,2035475025,80772819,1663786,50000,5000
2019.01.12,841,5,11,14,30,33,38,24,1116095714,35934900,1269989,50000,5000
2019.01.05,840,2,4,11,28,29,43,27,2042961788,66763458,1496676,50000,5000
2018.12.29,839,3,9,11,12,13,19,35,1359454904,61364284,1105663,50000,5000
2018.12.22,838,9,14,17,33,36,38,20,3813733050,46736925,1431582,50000,5000
2018.12.15,837,2,25,28,30,33,45,6,3144449125,66903173,1562848,50000,5000
2018.12.08,836,1,9,11,14,26,28,19,1257843670,47338203,1316130,50000,5000
2018.12.01,835,9,10,13,28,38,45,35,1233681125,53175911,1337469,50000,5000
2018.11.24,834,6,8,18,35,42,43,3,1690693671,65949044,1575804,50000,5000
2018.11.17,833,12,18,30,39,41,42,19,2356317282,59278423,1615299,50000,5000
2018.11.10,832,13,14,19,26,40,43,30,2088204584,52205115,1465750,50000,5000
2018.11.03,831,3,10,16,19,31,39,9,1110702258,48555290,1113486,50000,5000
2018.10.27,830,5,6,16,18,37,38,17,2060528750,38634915,1442948,50000,5000
2018.10.20,829,4,5,31,35,43,45,29,2444650641,72434094,1774379,50000,5000
2018.10.13,828,4,7,13,29,31,39,18,1455185972,50853274,1602085,50000,5000
2018.10.06,827,5,11,12,29,33,44,14,1206500375,65570673,1427474,50000,5000
2018.09.29,826,13,16,24,25,33,36,42,2075192084,66229535,1394619,50000,5000
2018.09.22,825,8,15,21,31,33,38,42,1658710563,62592852,1475065,50000,5000
2018.09.15,824,7,9,24,29,34,38,26,1256646550,61600322,1491746,50000,5000
2018.09.08,823,12,18,24,26,39,40,15,2009843917,49422392,1283972,50000,5000
2018.09.01,822,9,18,20,24,27,36,12,5930898625,37537334,1377357,50000,5000
2018.08.25,821,1,12,13,24,29,44,16,1316155956,55836920,1462396,50000,5000
2018.08.18,820,10,21,22,30,35,42,6,4627313532,51414595,1552530,50000,5000
2018.08.11,819,16,25,33,38,40,45,15,2594534840,61774640,1527995,50000,5000
2018.08.04,818,14,15,25,28,29,30,3,1380804318,76711351,1621541,50000,5000
2018.07.28,817,3,9,12,13,25,43,34,1868477334,51902149,1355279,50000,5000
2018.07.21,816,12,18,19,29,31,39,7,2128107938,42350407,1374747,50000,5000
2018.07.14,815,17,21,25,26,27,36,4,2579855358,77175161,1767371,50000,5000
2018.07.07,814,2,21,28,38,42,45,30,3067192063,58984463,1673319,50000,5000
2018.06.30,813,11,30,34,35,42,44,27,4591763157,71190127,1700654,50000,5000
2018.06.23,812,1,3,12,14,16,43,10,2947954750,43352276,1491880,50000,5000
2018.06.16,811,8,11,19,21,36,45,25,2524148197,60098767,1369057,50000,5000
2018.06.09,810,5,10,13,21,39,43,11,2231598047,46491626,1449325,50000,5000
2018.06.02,809,6,11,15,17,23,40,39,2921372750,52167371,1340695,50000,5000
2018.05.26,808,15,21,31,32,41,43,24,3087620500,67122185,1573711,50000,5000
2018.05.19,807,6,10,18,25,34,35,33,2437662322,48202363,1226365,50000,5000
2018.05.12,806,14,20,23,31,37,38,27,2640760875,54050662,1665345,50000,5000
2018.05.05,805,3,12,13,18,31,32,42,4266061969,53661157,1370623,50000,5000
2018.04.28,804,1,10,13,26,32,36,9,1631996523,61061095,1460935,50000,5000
2018.04.21,803,5,9,14,26,30,43,2,3663810225,61063504,1458059,50000,5000
2018.04.14,802,10,11,12,18,24,42,27,1082947993,43102408,1308501,50000,5000
2018.04.07,801,17,25,28,37,43,44,2,2256786657,59000959,1505278,50000,5000
2018.03.31,800,1,4,10,12,28,45,26,1632246205,58675518,1373315,50000,5000
2018.03.24,799,12,17,23,34,42,45,33,1826427225,54357954,1357737,50000,5000
2018.03.17,798,2,10,14,22,32,36,41,2710791911,52709843,1488979,50000,5000
2018.03.10,797,5,22,31,32,39,45,36,2397028125,94001103,1710941,50000,5000
2018.03.03,796,1,21,26,36,40,41,5,2763490340,70088524,1678331,50000,5000
2018.02.24,795,3,10,13,26,34,38,36,1714977000,50711686,1297617,50000,5000
2018.02.17,794,6,7,18,19,30,38,13,2650940304,68728082,1186331,50000,5000
2018.02.10,793,10,15,21,35,38,43,31,3750146775,51231514,1529674,50000,5000
2018.02.03,792,2,7,19,25,29,36,16,2655736768,47667071,1582411,50000,5000
2018.01.27,791,2,10,12,31,33,42,32,1253081893,76943625,1213219,50000,5000
2018.01.20,790,3,8,19,27,30,41,12,1160516274,52452713,1280394,50000,5000
2018.01.13,789,2,6,7,12,19,45,38,1140976825,40749173,1170473,50000,5000
2018.01.06,788,2,10,11,19,35,39,29,1401475154,43378993,1345384,50000,5000
2017.12.30,787,5,6,13,16,27,28,9,3092108313,60629575,1321979,50000,5000
2017.12.23,786,12,15,16,20,24,30,38,4551365250,31606704,1470080,50000,5000
2017.12.16,785,4,6,15,25,26,33,40,2886622688,52484049,1463805,50000,5000
2017.12.09,784,3,10,23,24,31,39,22,1908678000,56137589,1268506,50000,5000
2017.12.02,783,14,15,16,17,38,45,36,4603964625,85258605,1642221,50000,5000
2017.11.25,782,6,18,31,34,38,45,20,1946487625,59586356,1426347,50000,5000
2017.11.18,781,11,16,18,19,24,39,43,1882891542,54314180,1435861,50000,5000
2017.11.11,780,15,17,19,21,27,45,16,1667520137,67936006,1818632,50000,5000
2017.11.04,779,6,12,19,24,34,41,4,1527709296,42436370,1118978,50000,5000
2017.10.28,778,6,21,35,36,37,41,11,6264069500,46746788,1809379,50000,5000
2017.10.21,777,6,12,17,21,34,37,18,833468036,44199063,1208926,50000,5000
2017.10.14,776,8,9,18,21,28,40,20,2557579393,59676853,1491176,50000,5000
2017.10.07,775,11,12,29,33,38,42,17,3470437650,78163011,1682392,50000,5000
2017.09.30,774,12,15,18,28,34,42,9,1709721512,52241491,1602500,50000,5000
2017.09.23,773,8,12,19,21,31,35,44,1609403080,50871937,1409061,50000,5000
2017.09.16,772,5,6,11,14,21,41,32,1769608838,55648077,1455032,50000,5000
2017.09.09,771,6,10,17,18,21,29,30,4362644907,59355714,1415984,50000,5000
2017.09.02,770,1,9,12,23,39,43,34,2163099329,38455100,1252882,50000,5000
2017.08.26,769,5,7,11,16,41,45,4,1930760042,52657093,1476117,50000,5000
2017.08.19,768,7,27,29,30,38,44,4,1363572260,55743521,1597841,50000,5000
2017.08.12,767,5,15,20,31,34,42,22,1163768725,63248301,1527256,50000,5000
2017.08.05,766,9,30,34,35,39,41,21,2173637297,70687392,1671386,50000,5000
2017.07.29,765,1,3,8,12,42,43,33,1109214250,51352512,1307419,50000,5000
2017.07.22,764,7,22,24,31,34,36,15,2459975465,65226623,1504178,50000,5000
2017.07.15,763,3,8,16,32,34,43,10,2138130000,63352000,1412006,50000,5000
2017.07.08,762,1,3,12,21,26,41,16,1631432063,51302896,1330261,50000,5000
2017.07.01,761,4,7,11,24,42,45,30,2392730518,53683057,1305058,50000,5000
2017.06.24,760,10,22,27,31,42,43,12,2253299391,66764427,1717782,50000,5000
2017.06.17,759,9,33,36,40,42,43,32,3032670500,68924330,1722130,50000,5000
2017.06.10,758,5,9,12,30,39,43,24,2078969954,43999365,1277401,50000,5000
2017.06.03,757,6,7,11,17,33,44,1,739839858,38079993,974573,50000,5000
2017.05.27,756,10,14,16,18,27,28,4,3414434700,53686081,1524846,50000,5000
2017.05.20,755,13,14,26,28,30,36,37,2214427266,54677217,1600309,50000,5000
2017.05.13,754,2,8,17,24,29,31,32,3427542000,57125700,1538947,50000,5000
2017.05.06,753,2,17,19,24,37,41,3,2711105063,46743191,1401813,50000,5000
2017.04.29,752,4,16,20,33,40,43,7,1870358834,37407177,1377966,50000,5000
2017.04.22,751,3,4,16,20,28,44,17,2097968110,40540447,1265743,50000,5000
2017.04.15,750,1,2,15,19,24,36,12,2522104286,66873978,1653994,50000,5000
2017.04.08,749,12,14,24,26,34,45,41,1350104395,45706660,1473666,50000,5000
2017.04.01,748,3,10,13,22,31,32,29,1928246542,49023218,1493222,50000,5000
2017.03.25,747,7,9,12,14,23,28,17,1903214584,48386812,1287696,50000,5000
2017.03.18,746,3,12,33,36,42,45,25,2038623709,52723027,1606059,50000,5000
2017.03.11,745,1,2,3,9,12,23,10,746822982,22631000,674272,50000,5000
2017.03.04,744,10,15,18,21,34,41,43,1155411575,47352934,1039414,50000,5000
2017.02.25,743,15,19,21,34,41,44,10,2608641000,66161185,1535527,50000,5000
2017.02.18,742,8,10,13,36,37,40,6,1111814813,67382716,1492870,50000,5000
2017.02.11,741,5,21,27,34,44,45,16,3043595938,55338108,1664077,50000,5000
2017.02.04,740,4,8,9,16,17,19,31,936929792,65367195,1148668,50000,5000
2017.01.28,739,7,22,29,33,34,35,30,4744122282,70283294,1628604,50000,5000
2017.01.21,738,23,27,28,38,42,43,36,1634191091,62417021,1826840,50000,5000
2017.01.14,737,13,15,18,24,27,41,11,4283061000,59486959,1474122,50000,5000
2017.01.07,736,2,11,17,18,21,27,6,3397362225,52428430,1258283,50000,5000
2016.12.31,735,5,10,13,27,37,41,4,1847231588,61574387,1356862,50000,5000
2016.12.24,734,6,16,37,38,41,45,18,1949395500,81224813,1663307,50000,5000
2016.12.17,733,11,24,32,33,35,40,13,4016725125,46979242,1362064,50000,5000
2016.12.10,732,2,4,5,17,27,32,43,2203270608,57121831,1247202,50000,5000
2016.12.03,731,2,7,13,25,42,45,39,2340471054,60678880,1431106,50000,5000
2016.11.26,730,4,10,14,15,18,22,39,2017382110,59774285,1544999,50000,5000
2016.11.19,729,11,17,21,26,36,45,16,4198250719,79966681,1492712,50000,5000
2016.11.12,728,3,6,10,30,34,37,36,3243464400,48265840,1446168,50000,5000
2016.11.05,727,7,8,10,19,21,31,20,1115107742,29907105,1260620,50000,5000
2016.10.29,726,1,11,21,23,34,44,24,1166872634,48619694,1297143,50000,5000
2016.10.22,725,6,7,19,21,41,43,38,1579217250,61600673,1612943,50000,5000
2016.10.15,724,2,8,33,35,37,41,14,1427789813,51919630,1557873,50000,5000
2016.10.08,723,20,30,33,35,36,44,22,2114365360,70478846,1586469,50000,5000
2016.10.01,722,12,14,21,30,39,43,45,4365422719,63266996,1724101,50000,5000
2016.09.24,721,1,28,35,41,43,44,31,2273767360,75792246,1886553,50000,5000
2016.09.17,720,1,12,29,34,36,37,41,1233770358,77805338,1619122,50000,5000
2016.09.10,719,4,8,13,19,20,43,26,1879581334,48609863,1395729,50000,5000
2016.09.03,718,4,11,20,23,32,39,40,926166464,41002162,1091572,50000,5000
2016.08.27,717,2,11,19,25,28,32,44,2702433688,57498590,1369015,50000,5000
2016.08.20,716,2,6,13,16,29,30,21,1358752157,77642981,1559096,50000,5000
2016.08.13,715,2,7,27,33,41,44,10,2605510438,42713286,1391090,50000,5000
2016.08.06,714,1,7,22,33,37,40,20,2085131733,52883776,1198943,50000,5000
2016.07.30,713,2,5,15,18,19,23,44,1714720917,51441628,1436115,50000,5000
2016.07.23,712,17,20,30,31,33,45,19,4034485125,57226740,1557416,50000,5000
2016.07.16,711,11,15,24,35,37,45,42,2277413358,60385961,1424656,50000,5000
2016.07.09,710,3,4,9,24,25,33,10,2895441150,42331011,1212497,50000,5000
2016.07.02,709,10,18,30,36,39,44,32,1165271625,61794708,1603165,50000,5000
2016.06.25,708,2,10,16,19,34,45,1,4099552219,52558362,1596399,50000,5000
2016.06.18,707,2,12,19,24,39,44,35,1322167313,35734252,1318213,50000,5000
2016.06.11,706,3,4,6,10,28,30,37,3831746063,50088184,1211811,50000,5000
2016.06.04,705,1,6,17,22,28,45,23,3987206532,54247708,1472653,50000,5000
2016.05.28,704,1,4,8,23,33,42,45,3865190344,54825395,1351938,50000,5000
2016.05.21,703,10,28,31,33,41,44,21,3235784100,52872290,1568637,50000,5000
2016.05.14,702,3,13,16,24,26,29,9,1465091387,58391324,1476636,50000,5000
2016.05.07,701,3,10,14,16,36,38,35,1583183175,65965966,1590500,50000,5000
2016.04.30,700,11,23,28,29,30,44,13,2082099188,67710543,1777294,50000,5000
2016.04.23,699,4,5,8,16,21,29,3,1995411375,53210970,1478905,50000,5000
2016.04.16,698,3,11,13,21,33,37,18,1921084125,53363448,1226746,50000,5000
2016.04.09,697,2,5,8,11,33,39,31,1531443038,28360057,1315673,50000,5000
2016.04.02,696,1,7,16,18,34,38,21,1632054413,61820243,1580530,50000,5000
2016.03.26,695,4,18,26,33,34,38,14,1450214830,40283746,1343471,50000,5000
2016.03.19,694,7,15,20,25,33,43,12,1555036388,33227274,1133739,50000,5000
2016.03.12,693,1,6,11,28,34,42,30,1642763813,63673016,1618168,50000,5000
2016.03.05,692,3,11,14,15,32,36,44,2301273697,61018621,1516848,50000,5000
2016.02.27,691,15,27,33,35,43,45,16,2839296750,91590218,1662352,50000,5000
2016.02.20,690,24,25,33,34,38,39,43,1126507625,82831444,1589317,50000,5000
2016.02.13,689,7,17,19,30,36,38,34,2321775911,61562241,1497368,50000,5000
2016.02.06,688,5,15,22,23,34,35,2,1967536750,55685003,1400715,50000,5000
2016.01.30,687,1,8,10,13,28,42,45,2720029313,71579719,1528107,50000,5000
2016.01.23,686,7,12,15,24,25,43,13,1937531719,71760435,1386676,50000,5000
2016.01.16,685,6,7,12,28,38,40,18,1494367671,52686040,1434385,50000,5000
2016.01.09,684,1,11,15,17,25,39,40,1688815709,40858445,1287208,50000,5000
2016.01.02,683,6,13,20,27,28,40,15,1010930883,59907016,996974,50000,5000
2015.12.26,682,17,23,27,35,38,43,2,4063713563,48377543,1463611,50000,5000
2015.12.19,681,21,24,27,29,43,44,7,2696328938,72873756,1871152,50000,5000
2015.12.12,680,4,10,19,29,32,42,30,1110570563,58893894,1385739,50000,5000
2015.12.05,679,3,5,7,14,26,34,35,2863005600,44182186,1304450,50000,5000
2015.11.28,678,4,5,6,12,25,37,45,2288490188,55816834,1233688,50000,5000
2015.11.21,677,12,15,24,36,41,44,42,1921114407,69229348,1505871,50000,5000
2015.11.14,676,1,8,17,34,39,45,27,1879726500,39782572,1505287,50000,5000
2015.11.07,675,1,8,11,15,18,45,7,3514549032,36046657,1297361,50000,5000
2015.10.31,674,9,10,14,25,27,31,11,1770565500,49182375,1278849,50000,5000
2015.10.24,673,7,10,17,29,33,44,5,1491453300,71021586,1333560,50000,5000
2015.10.17,672,8,21,28,31,36,45,43,1754745000,57219946,1615788,50000,5000
2015.10.10,671,7,9,10,13,31,35,24,3722322844,51698929,1395697,50000,5000
2015.10.03,670,11,18,26,27,40,41,25,1191725219,61114114,1111166,50000,5000
2015.09.26,669,7,8,20,29,33,38,9,2708173188,52080254,1389520,50000,5000
2015.09.19,668,12,14,15,24,27,32,3,2991158625,44511290,1330824,50000,5000
2015.09.12,667,15,17,25,37,42,43,13,2228764393,65005629,1685176,50000,5000
2015.09.05,666,2,4,6,11,17,28,16,2396901063,50997895,1231074,50000,5000
2015.08.29,665,5,6,11,17,38,44,13,3643230375,80960675,1356883,50000,5000
2015.08.22,664,10,20,33,36,41,44,5,1536801338,58212172,1674076,50000,5000
2015.08.15,663,3,5,8,19,38,42,20,2080244143,40449192,1491673,50000,5000
2015.08.08,662,5,6,9,11,15,37,26,1689733688,52394844,1260761,50000,5000
2015.08.01,661,2,3,12,20,27,38,40,1713025547,36254509,1248107,50000,5000
2015.07.25,660,4,9,23,33,39,44,14,1421272575,49349743,1214141,50000,5000
2015.07.18,659,7,18,19,27,29,42,45,1336604216,61261027,1388352,50000,5000
2015.07.11,658,8,19,25,28,32,36,37,1634031375,64501239,1460696,50000,5000
2015.07.04,657,10,14,19,39,40,43,23,1694762792,48887389,1627494,50000,5000
2015.06.27,656,3,7,14,16,31,40,39,7330002750,50902797,1398589,50000,5000
2015.06.20,655,7,37,38,39,40,44,18,1661439625,60784377,1547926,50000,5000
2015.06.13,654,16,21,26,31,36,43,6,1879301391,36315003,1402203,50000,5000
2015.06.06,653,5,6,26,27,38,39,1,980958670,40873278,1146172,50000,5000
2015.05.30,652,3,13,15,40,41,44,20,3003483525,69525082,1664165,50000,5000
2015.05.23,651,11,12,16,26,29,44,18,1855306454,70678342,1468968,50000,5000
2015.05.16,650,3,4,7,11,31,41,35,2849298900,52764795,1308940,50000,5000
2015.05.09,649,3,21,22,33,41,42,20,2948042100,54593373,1454531,50000,5000
2015.05.02,648,13,19,28,37,38,43,4,2120987947,54988577,1517159,50000,5000
2015.04.25,647,5,16,21,23,24,30,29,2189725608,58060907,1600677,50000,5000
2015.04.18,646,2,9,24,41,43,45,30,2215498393,71798560,1698258,50000,5000
2015.04.11,645,1,4,16,26,40,41,31,3696297750,88007090,1395356,50000,5000
2015.04.04,644,5,13,17,23,28,36,8,1831451204,49835407,1299593,50000,5000
2015.03.28,643,15,24,31,32,33,40,13,2535763625,58971248,1662796,50000,5000
2015.03.21,642,8,17,18,24,39,45,32,1251460438,40369692,1379020,50000,5000
2015.03.14,641,11,18,21,36,37,43,12,1990074563,53068655,1695485,50000,5000
2015.03.07,640,14,15,18,21,26,35,23,1728768834,54024027,1582156,50000,5000
2015.02.28,639,6,15,22,23,25,32,40,4061185219,60165707,1663058,50000,5000
2015.02.21,638,7,18,22,24,31,34,6,2229403179,63438302,1513072,50000,5000
2015.02.14,637,3,16,22,37,38,44,23,3899241094,57766535,1587963,50000,5000
2015.02.07,636,6,7,15,16,20,31,26,1832362219,55526128,1238292,50000,5000
2015.01.31,635,11,13,25,26,29,33,32,1855587235,70689038,1499465,50000,5000
2015.01.24,634,4,10,11,12,20,27,38,1077935106,43250483,1057757,50000,5000
2015.01.17,633,9,12,19,20,39,41,13,1217257094,51798175,1360825,50000,5000
2015.01.10,632,15,18,21,32,35,44,6,1432587716,50507901,1596603,50000,5000
2015.01.03,631,1,2,4,23,31,34,8,3919853532,56809472,1559210,50000,5000
2014.12.27,630,8,17,21,24,27,31,15,4836305500,50378183,1482620,50000,5000
2014.12.20,629,19,28,31,38,43,44,1,2919433575,71554745,1841682,50000,5000
2014.12.13,628,1,7,12,15,23,42,11,1499942875,60808495,1382012,50000,5000
2014.12.06,627,2,9,22,25,31,45,12,1352230650,64391936,1471096,50000,5000
2014.11.29,626,13,14,26,33,40,43,15,1717871110,50899885,1296996,50000,5000
2014.11.22,625,3,6,7,20,21,39,13,2765184675,51207124,1393181,50000,5000
2014.11.15,624,1,7,19,26,27,35,16,2763729450,37755867,1463220,50000,5000
2014.11.08,623,7,13,30,39,41,45,25,1813702594,69093433,1660900,50000,5000
2014.11.01,622,9,15,16,21,28,34,24,1630598292,71938160,1501472,50000,5000
2014.10.25,621,1,2,6,16,19,42,9,2359723500,38060057,1517508,50000,5000
2014.10.18,620,2,16,17,32,39,45,40,2028283233,53780238,1424643,50000,5000
2014.10.11,619,6,8,13,30,35,40,21,4612479375,39088809,1347103,50000,5000
2014.10.04,618,8,16,25,30,42,43,15,2881326225,53357894,1518726,50000,5000
2014.09.27,617,4,5,11,12,24,27,28,1629701860,50533391,1090284,50000,5000
2014.09.20,616,5,13,18,23,40,45,3,1611811250,49341161,1422187,50000,5000
2014.09.13,615,10,17,18,19,23,27,35,1535062417,74277214,1378799,50000,5000
2014.09.06,614,8,21,25,39,40,44,18,2540975438,55238597,1668402,50000,5000
2014.08.30,613,7,8,11,16,41,44,35,1549831209,77491561,1511539,50000,5000
2014.08.23,612,6,9,18,19,25,33,40,1181705250,36719655,1181921,50000,5000
2014.08.16,611,2,22,27,33,36,37,14,3502706157,49683776,1571425,50000,5000
2014.08.09,610,14,18,20,23,28,36,33,3516018375,68941537,1676690,50000,5000
2014.08.02,609,4,8,27,34,39,40,13,6339311438,44959656,1303581,50000,5000
2014.07.26,608,4,8,18,19,39,44,41,1943530018,70857866,1495681,50000,5000
2014.07.19,607,8,14,23,36,38,39,13,3494480907,66561542,1608878,50000,5000
2014.07.12,606,1,5,6,14,20,39,22,1311566850,49680563,1417604,50000,5000
2014.07.05,605,1,2,7,9,10,38,42,1394232250,52283710,914851,50000,5000
2014.06.28,604,2,6,18,21,33,34,30,1229141557,62595172,1553016,50000,5000
2014.06.21,603,2,19,25,26,27,43,28,3452136563,76714146,1688500,50000,5000
2014.06.14,602,13,14,22,27,30,38,2,1689530860,53635901,1344901,50000,5000
2014.06.07,601,2,16,19,31,34,35,37,1524565209,81673137,1508475,50000,5000
2014.05.31,600,5,11,14,27,29,36,44,901798725,54987728,1485176,50000,5000
2014.05.24,599,5,12,17,29,34,35,27,1710918329,53051732,1353843,50000,5000
2014.05.17,598,4,12,24,33,38,45,22,833998594,44479925,1083291,50000,5000
2014.05.10,597,8,10,23,24,35,43,37,1057920606,49829594,1496189,50000,5000
2014.05.03,596,3,4,12,14,25,43,17,1328267663,53994621,1340872,50000,5000
2014.04.26,595,8,24,28,35,38,40,5,1744525219,43074697,1549656,50000,5000
2014.04.19,594,2,8,13,25,28,37,3,1255592796,54807623,1315383,50000,5000
2014.04.12,593,9,10,13,24,33,38,28,1532833500,37084682,1264715,50000,5000
2014.04.05,592,2,5,6,13,28,44,43,2356381688,84156489,1675948,50000,5000
2014.03.29,591,8,13,14,30,38,39,5,2964676200,65014829,1665923,50000,5000
2014.03.22,590,20,30,36,38,41,45,23,2185183983,82238107,1860863,50000,5000
2014.03.15,589,6,8,28,33,38,39,22,2136877983,59357722,1599118,50000,5000
2014.03.08,588,2,8,15,22,25,41,30,2889342075,55995002,1436626,50000,5000
2014.03.01,587,14,21,29,31,32,37,17,4974577375,57843923,1730890,50000,5000
2014.02.22,586,2,7,12,15,21,34,5,1778354344,51546503,1510280,50000,5000
2014.02.15,585,6,7,10,16,38,41,4,1620546334,54018212,1590851,50000,5000
2014.02.08,584,7,18,30,39,40,41,36,5033183250,78643489,1718984,50000,5000
2014.02.01,583,8,17,27,33,40,44,24,1341848353,48236379,1347238,50000,5000
2014.01.25,582,2,12,14,33,40,41,25,3560558719,41643962,1455369,50000,5000
2014.01.18,581,3,5,14,20,42,44,33,1844554547,63061694,1777028,50000,5000
2014.01.11,580,5,7,9,11,32,35,33,2028610500,56350292,1421449,50000,5000
2014.01.04,579,5,7,20,22,37,42,39,1396068444,55640409,1446840,50000,5000
2013.12.28,578,5,12,14,32,34,42,16,2796466575,54195089,1442966,50000,5000
2013.12.21,577,16,17,22,31,34,37,33,4484438375,53386172,1469345,50000,5000
2013.12.14,576,10,11,15,25,35,41,13,4321966000,40018204,1384359,50000,5000
2013.12.07,575,2,8,20,30,33,34,6,1699267875,50348678,1522642,50000,5000
2013.11.30,574,14,15,16,19,25,43,2,6965184938,70355404,1844106,50000,5000
2013.11.23,573,2,4,20,34,35,43,14,1645691766,43885114,1352809,50000,5000
2013.11.16,572,3,13,18,33,37,45,1,1668216188,41967703,1282750,50000,5000
2013.11.09,571,11,18,21,26,38,43,29,1966538465,69524088,1523437,50000,5000
2013.11.02,570,1,12,26,27,29,33,42,1527791625,60307565,1456890,50000,5000
2013.10.26,569,3,6,13,23,24,35,1,3467925188,64220837,1355188,50000,5000
2013.10.19,568,1,3,17,20,31,44,40,1305167550,43505585,1179014,50000,5000
2013.10.12,567,1,10,15,16,32,41,28,2318659438,43748292,1498811,50000,5000
2013.10.05,566,4,5,6,25,26,43,41,3508951032,66837163,1504374,50000,5000
2013.09.28,565,4,10,18,27,40,45,38,1742064469,59557760,1244777,50000,5000
2013.09.21,564,14,19,25,26,27,34,2,1934801143,70539625,1368871,50000,5000
2013.09.14,563,5,10,16,17,31,32,21,1932735643,59338375,1373239,50000,5000
2013.09.07,562,4,11,13,17,20,31,33,1166694614,41940003,1195607,50000,5000
2013.08.31,561,5,7,18,37,42,45,20,2753712225,55969761,1600252,50000,5000
2013.08.24,560,1,4,20,23,29,45,28,1976697215,57653669,1562431,50000,5000
2013.08.17,559,11,12,25,32,44,45,23,1926145608,53504045,1434975,50000,5000
2013.08.10,558,12,15,19,26,40,43,29,1315913663,43003715,1557663,50000,5000
2013.08.03,557,4,20,26,28,35,40,31,1888069286,51226687,1465568,50000,5000
2013.07.27,556,12,20,23,28,30,44,43,2005209161,57058798,1657981,50000,5000
2013.07.20,555,11,17,21,24,26,36,12,1711027360,49594996,1468063,50000,5000
2013.07.13,554,13,14,17,32,41,42,6,6813893625,55397510,1530525,50000,5000
2013.07.06,553,2,7,17,28,29,39,37,2249631438,43262144,1365897,50000,5000
2013.06.29,552,1,10,20,32,35,40,43,1330824225,49289787,1226793,50000,5000
2013.06.22,551,3,6,20,24,27,44,25,13526973750,70452989,1565622,50000,5000
2013.06.15,550,1,7,14,20,34,37,41,1118679205,35360550,751801,50000,5000
2013.06.08,549,29,31,35,38,40,44,17,1760805047,67078288,1578844,50000,5000
2013.06.01,548,1,12,13,21,32,45,14,1736871891,50344113,1406944,50000,5000
2013.05.25,547,6,7,15,22,34,39,28,2838444450,43803156,1528018,50000,5000
2013.05.18,546,8,17,20,27,37,43,6,405939950,36903632,652637,50000,5000
2013.05.11,545,4,24,25,27,34,35,2,1198994353,52337056,1468375,50000,5000
2013.05.04,544,5,17,21,25,36,44,10,1046388433,48237765,1484725,50000,5000
2013.04.27,543,13,18,26,31,34,44,12,1112934844,47358930,1131032,50000,5000
2013.04.20,542,5,6,19,26,41,45,34,2335152563,89813561,1603814,50000,5000
2013.04.13,541,8,13,26,28,32,34,43,1269327171,58177496,1611565,50000,5000
2013.04.06,540,3,12,13,15,34,36,14,1989365250,89266390,1647216,50000,5000
2013.03.30,539,3,19,22,31,42,43,26,1621036667,57894167,1600761,50000,5000
2013.03.23,538,6,10,18,31,32,34,11,4688021625,48833559,1359636,50000,5000
2013.03.16,537,12,23,26,30,36,43,11,2104038911,70134631,1699940,50000,5000
2013.03.09,536,7,8,18,32,37,43,12,1308523603,59973999,1431361,50000,5000
2013.03.02,535,11,12,14,15,18,39,34,4935603000,79606500,1632144,50000,5000
2013.02.23,534,10,24,26,29,37,38,32,14215763250,43078071,1541506,50000,5000
2013.02.16,533,9,14,15,17,31,33,23,1785671579,54111260,1569477,50000,5000
2013.02.09,532,16,17,23,24,29,44,3,2216896286,99476116,1747554,50000,5000
2013.02.02,531,1,5,9,21,27,35,45,1521519750,54339992,1410557,50000,5000
2013.01.26,530,16,23,27,29,33,41,22,1231656239,56450911,1558342,50000,5000
2013.01.19,529,18,20,24,27,31,42,39,1749114797,70671305,1552699,50000,5000
2013.01.12,528,5,17,25,31,39,40,10,1197889125,25536397,1212662,50000,5000
2013.01.05,527,1,12,22,32,33,42,38,1032386366,77132315,1137183,50000,5000
2012.12.29,526,7,14,17,20,35,39,31,1491031959,45643836,1453248,50000,5000
2012.12.22,525,11,23,26,29,39,44,22,1501132375,54919478,1459300,50000,5000
2012.12.15,524,10,11,29,38,41,45,21,3491695594,64661030,1739759,50000,5000
2012.12.08,523,1,4,37,38,40,45,7,1780355840,48304229,1334029,50000,5000
2012.12.01,522,4,5,13,14,37,41,11,2281623000,58503154,1526170,50000,5000
2012.11.24,521,3,7,18,29,32,36,19,1693420922,42601785,1400679,50000,5000
2012.11.17,520,4,22,27,28,38,40,1,2167205438,58573120,1332026,50000,5000
2012.11.10,519,6,8,13,16,30,43,3,1950601393,71115676,1677010,50000,5000
2012.11.03,518,14,23,30,32,34,38,6,2263804125,66582475,1678135,50000,5000
2012.10.27,517,1,9,12,28,36,41,10,2659057725,55397036,1484181,50000,5000
2012.10.20,516,2,8,23,41,43,44,30,1294190182,74146313,1773305,50000,5000
2012.10.13,515,2,11,12,15,23,37,8,13200466875,62859367,1517296,50000,5000
2012.10.06,514,1,15,20,26,35,42,9,4451055500,61820216,1634015,50000,5000
2012.09.29,513,5,8,21,23,27,33,12,4589624750,42496526,1411324,50000,5000
2012.09.22,512,4,5,9,13,26,27,1,940094452,39170603,1210982,50000,5000
2012.09.15,511,3,7,14,23,26,42,24,2165579250,58529169,1420984,50000,5000
2012.09.08,510,12,29,32,33,39,40,42,2644158150,88138605,1670558,50000,5000
2012.09.01,509,12,25,29,35,42,43,24,2689076100,65908728,1824835,50000,5000
2012.08.25,508,5,27,31,34,35,43,37,1599557860,68798188,1336306,50000,5000
2012.08.18,507,12,13,32,33,40,41,4,1416438875,73264080,1442403,50000,5000
2012.08.11,506,6,9,11,22,24,30,31,4073333875,61717180,1282536,50000,5000
2012.08.04,505,7,20,22,25,38,40,44,1917955188,50472505,1331914,50000,5000
2012.07.28,504,6,14,22,26,43,44,31,1443236959,74650188,1672995,50000,5000
2012.07.21,503,1,5,27,30,34,36,40,1853634911,51489859,1673819,50000,5000
2012.07.14,502,6,22,28,32,34,40,26,2201458125,71014779,1485465,50000,5000
2012.07.07,501,1,4,10,17,31,42,2,3025200094,33062297,1230507,50000,5000
2012.06.30,500,3,4,12,20,24,34,41,1351072375,29803068,1106832,50000,5000
2012.06.23,499,5,20,23,27,35,40,43,4070480250,44244351,1344281,50000,5000
2012.06.16,498,13,14,24,32,39,41,3,3244503094,61800059,1621441,50000,5000
2012.06.09,497,19,20,23,24,43,44,13,2222817813,74093928,1936253,50000,5000
2012.06.02,496,4,13,20,29,36,41,39,3285932250,47622207,1577122,50000,5000
2012.05.26,495,4,13,22,27,34,44,6,2111645000,47991932,1346713,50000,5000
2012.05.19,494,5,7,8,15,30,43,22,1054588407,52729421,1370486,50000,5000
2012.05.12,493,20,22,26,33,36,37,25,1451120334,80617797,1621968,50000,5000
2012.05.05,492,22,27,31,35,37,40,42,2493013800,51937788,1448753,50000,5000
2012.04.28,491,8,17,35,36,39,42,4,3304634438,71067408,1619919,50000,5000
2012.04.21,490,2,7,26,29,40,43,42,1860234161,74837007,1599318,50000,5000
2012.04.14,489,2,4,8,15,20,27,11,2106360625,40506936,1369546,50000,5000
2012.04.07,488,2,8,17,30,31,38,25,1330393575,67191595,1648567,50000,5000
2012.03.31,487,4,8,25,27,37,41,21,1638830766,47502342,1376880,50000,5000
2012.03.24,486,1,2,23,25,38,40,43,1008634125,75357722,1455946,50000,5000
2012.03.17,485,17,22,26,27,36,39,20,1501474917,68248860,1601859,50000,5000
2012.03.10,484,1,3,27,28,32,45,11,2305303063,72040721,1716533,50000,5000
2012.03.03,483,12,15,19,22,28,34,5,2567196675,40364728,1134322,50000,5000
2012.02.25,482,1,10,16,24,25,35,43,1897921179,73808046,1350971,50000,5000
2012.02.18,481,3,4,23,29,40,41,20,4639355750,68225820,1792642,50000,5000
2012.02.11,480,3,5,10,17,30,31,16,2996742282,39956564,1007478,50000,5000
2012.02.04,479,8,23,25,27,35,44,24,2233046500,65677839,1607665,50000,5000
2012.01.28,478,18,29,30,37,39,43,8,987224759,65814984,1792627,50000,5000
2012.01.21,477,14,25,29,32,33,45,37,1919011829,77535832,1735877,50000,5000
2012.01.14,476,9,12,13,15,37,38,27,3439851469,67448069,1772206,50000,5000
2012.01.07,475,1,9,14,16,21,29,3,1693923047,68441336,1519896,50000,5000
2011.12.31,474,4,13,18,31,33,45,43,936690800,48785980,1347369,50000,5000
2011.12.24,473,8,13,20,22,23,36,34,3250418063,60192928,1650378,50000,5000
2011.12.17,472,16,25,26,31,36,43,44,1809656090,91794150,1561587,50000,5000
2011.12.10,471,6,13,29,37,39,41,43,1939332858,75418500,1856075,50000,5000
2011.12.03,470,10,16,20,39,41,42,27,4333330625,80246864,1558753,50000,5000
2011.11.26,469,4,21,22,34,37,38,33,3330131250,67275379,1738519,50000,5000
2011.11.19,468,8,13,15,28,37,43,17,1527197167,69418054,1572269,50000,5000
2011.11.12,467,2,12,14,17,24,40,39,1435441084,65247322,1188936,50000,5000
2011.11.05,466,4,10,13,23,32,44,20,1530313459,41735822,1314703,50000,5000
2011.10.29,465,1,8,11,13,22,38,31,1923662893,48788552,1295023,50000,5000
2011.10.22,464,6,12,15,34,42,44,4,3355721106,67273025,1668457,50000,5000
2011.10.15,463,23,29,31,33,34,44,40,0,54687384,1613584,50000,5000
2011.10.08,462,3,20,24,32,37,45,4,1483559297,50719976,1418996,50000,5000
2011.10.01,461,11,18,26,31,37,40,43,1948674875,60896090,1134931,50000,5000
2011.09.24,460,8,11,28,30,43,45,41,3180895782,70686573,1622493,50000,5000
2011.09.17,459,4,6,10,14,25,40,12,1655842233,41995999,1260977,50000,5000
2011.09.10,458,4,9,10,32,36,40,18,1608812625,41251606,1496918,50000,5000
2011.09.03,457,8,10,18,23,27,40,33,1159902825,41131306,1283647,50000,5000
2011.08.27,456,1,7,12,18,23,27,44,1598505054,47818528,1154037,50000,5000
2011.08.20,455,4,19,20,26,30,35,24,1635711483,59635315,1317908,50000,5000
2011.08.13,454,13,25,27,34,38,41,10,1609125590,43658447,1343818,50000,5000
2011.08.06,453,12,24,33,38,40,42,30,2262732375,52378065,1335419,50000,5000
2011.07.30,452,8,10,18,30,32,34,27,1276902000,39903188,1475619,50000,5000
2011.07.23,451,12,15,20,24,30,38,29,882138952,61654873,1185671,50000,5000
2011.07.16,450,6,14,19,21,23,31,13,1990391625,58540931,1475458,50000,5000
2011.07.09,449,3,10,20,26,35,43,36,4059715250,52047632,1567458,50000,5000
2011.07.02,448,3,7,13,27,40,41,36,4026212750,57517325,1415687,50000,5000
2011.06.25,447,2,7,8,9,17,33,34,2657941125,57160025,1029612,50000,5000
2011.06.18,446,1,11,12,14,26,35,6,4051247625,49405459,1473181,50000,5000
2011.06.11,445,13,20,21,30,39,45,32,1791683036,74653460,1766946,50000,5000
2011.06.04,444,11,13,23,35,43,45,17,4154188625,79888243,1635508,50000,5000
2011.05.28,443,4,6,10,19,20,44,14,1327597584,48570644,1193883,50000,5000
2011.05.21,442,25,27,29,36,38,40,41,1413413042,78522947,1668073,50000,5000
2011.05.14,441,1,23,28,30,34,35,9,3170417063,50324081,1875432,50000,5000
2011.05.07,440,10,22,28,34,36,44,2,1995873000,48679830,1335033,50000,5000
2011.04.30,439,17,20,30,31,37,40,25,1900077375,57578103,1322253,50000,5000
2011.04.23,438,6,12,20,26,29,38,45,1377142167,50383250,1585352,50000,5000
2011.04.16,437,11,16,29,38,41,44,21,2096245438,63522590,1630051,50000,5000
2011.04.09,436,9,14,20,22,33,34,28,1512266579,45826260,1414987,50000,5000
2011.04.02,435,8,16,26,30,38,45,42,1287550013,69223119,1504851,50000,5000
2011.03.26,434,3,13,20,24,33,37,35,1480060266,53335506,1056998,50000,5000
2011.03.19,433,19,23,29,33,35,43,27,1182294410,52866824,1696041,50000,5000
2011.03.12,432,2,3,5,11,27,39,33,2299427550,39920618,1096846,50000,5000
2011.03.05,431,18,22,25,31,38,45,6,1268434013,49164110,1581195,50000,5000
2011.02.26,430,1,3,16,18,30,34,44,1611763219,47755948,1483104,50000,5000
2011.02.19,429,3,23,28,34,39,42,16,1485904709,60239381,1604649,50000,5000
2011.02.12,428,12,16,19,22,37,40,8,1437683209,71884161,1375335,50000,5000
2011.02.05,427,6,7,15,24,28,30,21,12571445625,63492150,1480736,50000,5000
2011.01.29,426,4,17,18,27,39,43,19,3057233625,32351679,1393135,50000,5000
2011.01.22,425,8,10,14,27,33,38,3,1534833000,49913269,1577829,50000,5000
2011.01.15,424,10,11,26,31,34,44,30,1109480813,36257543,1096759,50000,5000
2011.01.08,423,1,17,27,28,29,40,5,3896153875,41448446,1360389,50000,5000
2011.01.01,422,8,15,19,21,34,44,12,2205251375,105011971,1705531,50000,5000
2010.12.25,421,6,11,26,27,28,44,30,2321144325,53730193,1607887,50000,5000
2010.12.18,420,4,9,10,29,31,34,27,1424856375,54280243,1600513,50000,5000
2010.12.11,419,2,11,13,14,28,30,7,3796490750,57522588,1589821,50000,5000
2010.12.04,418,11,13,15,26,28,34,31,1435649766,41613037,1454560,50000,5000
2010.11.27,417,4,5,14,20,22,43,44,2818329938,55261372,1590929,50000,5000
2010.11.20,416,5,6,8,11,22,26,44,1072037100,55835266,1190359,50000,5000
2010.11.13,415,7,17,20,26,30,40,24,1334182407,50825997,1120927,50000,5000
2010.11.06,414,2,14,15,22,23,44,43,11703832500,55732536,1598885,50000,5000
2010.10.30,413,2,9,15,23,34,40,3,2814673500,52123584,1493989,50000,5000
2010.10.23,412,4,7,39,41,42,45,40,1656199822,56830387,1579913,50000,5000
2010.10.16,411,11,14,22,35,37,39,5,953227563,52957087,1446476,50000,5000
2010.10.09,410,1,3,18,32,40,41,16,1249335709,50648745,1438223,50000,5000
2010.10.02,409,6,9,21,31,32,40,38,2896989750,53647959,1463127,50000,5000
2010.09.25,408,9,20,21,22,30,37,16,2235375825,56448885,1497439,50000,5000
2010.09.18,407,6,7,13,16,24,25,1,1649707286,71283649,1517870,50000,5000
2010.09.11,406,7,12,21,24,27,36,45,2156142450,54448042,1246038,50000,5000
2010.09.04,405,1,2,10,25,26,44,4,3543878000,50626829,1381091,50000,5000
2010.08.28,404,5,20,21,24,33,40,36,3566659375,68589604,1400888,50000,5000
2010.08.21,403,10,14,22,24,28,37,26,2122396875,41131723,1338883,50000,5000
2010.08.14,402,5,9,15,19,22,36,32,2662206188,43287906,1396385,50000,5000
2010.08.07,401,6,12,18,31,38,43,9,1168214792,60424904,1293227,50000,5000
2010.07.31,400,9,21,27,34,41,43,2,2669834325,59329652,1419370,60192,5000
2010.07.24,399,1,2,9,17,19,42,20,1276854975,42561833,1164483,44222,5000
2010.07.17,398,10,15,20,23,42,44,7,2680625550,57647862,1607090,62263,5000
2010.07.10,397,12,13,17,22,25,33,8,3499519700,56443867,1280937,52265,5000
2010.07.03,396,18,20,31,34,40,45,30,5296622400,51927671,1468836,57336,5000
2010.06.26,395,11,15,20,26,31,35,7,1534635000,42628750,1260851,55718,5000
2010.06.19,394,1,13,20,22,25,28,15,10654349100,53809844,1474855,63081,5000
2010.06.12,393,9,16,28,40,41,43,21,1362003975,51885866,1694035,64915,5000
2010.06.05,392,1,3,7,8,24,42,43,1713528700,57117624,1139315,46358,5000
2010.05.29,391,10,11,18,22,28,39,30,10508749800,54733072,1309992,57611,5000
2010.05.22,390,16,17,28,37,39,40,15,10373997900,46729721,1590617,61934,5000
2010.05.15,389,7,16,18,20,23,26,3,2119027020,49051552,1409303,58088,5000
2010.05.08,388,1,8,9,17,29,32,45,2545543875,56567642,1337297,55211,5000
2010.05.01,387,1,26,31,34,40,43,20,2675533500,68603424,1515454,61385,5000
2010.04.24,386,4,7,10,19,31,40,26,1042953330,29461959,1032832,48150,5000
2010.04.17,385,7,12,19,21,29,32,9,1542032700,49973282,1456712,57944,5000
2010.04.10,384,11,22,24,32,36,38,7,3658734200,44618710,1505652,58927,5000
2010.04.03,383,4,15,28,33,37,40,25,3596522100,64223609,1437459,59423,5000
2010.03.27,382,10,15,22,24,27,42,19,1846674900,57708591,1523660,59315,5000
2010.03.20,381,1,5,10,12,16,20,11,565738895,28895267,904345,43632,5000
2010.03.13,380,1,2,8,17,26,37,27,2684274825,42607537,1222348,46132,5000
2010.03.06,379,6,10,22,31,35,40,19,1598999786,26274645,1390090,60096,5000
2010.02.27,378,5,22,29,31,34,39,43,2317698240,64380507,1718341,64659,5000
2010.02.20,377,6,22,29,37,43,45,23,3912085400,88911032,1632757,66608,5000
2010.02.13,376,1,11,13,24,28,40,7,1956915800,38370899,1386900,56355,5000
2010.02.06,375,4,8,19,25,27,45,7,1581284058,43924558,1442402,56807,5000
2010.01.30,374,11,13,15,17,25,34,26,5528717850,68255776,1318245,52816,5000
2010.01.23,373,15,26,37,42,43,45,9,2791801125,64179337,1666250,64559,5000
2010.01.16,372,8,11,14,16,18,21,13,1192593200,48348373,1307668,57186,5000
2010.01.09,371,7,9,15,26,27,42,18,1524130543,61315597,1480560,57266,5000
2010.01.02,370,16,18,24,42,44,45,17,1678941943,61211425,1677026,64701,5000
2009.12.26,369,17,20,35,36,41,43,21,1842177750,59425089,1592203,62044,5000
2009.12.19,368,11,21,24,30,39,45,26,1465825115,45003403,1431071,59400,5000
2009.12.12,367,3,22,25,29,32,44,19,1581736586,49874578,1759161,66912,5000
2009.12.05,366,5,12,19,26,27,44,38,5351553900,45739777,1103186,49921,5000
2009.11.28,365,5,15,21,25,26,30,31,10697716800,50941509,1509698,57081,5000
2009.11.21,364,2,5,7,14,16,40,4,2531914800,45620087,1340702,53421,5000
2009.11.14,363,11,12,14,21,32,38,6,2615910600,52846679,1434162,58451,5000
2009.11.07,362,2,3,22,27,30,40,29,1729424650,66516333,1474361,60898,5000
2009.10.31,361,5,10,16,24,27,35,33,1473115115,50548068,1174733,51039,5000
2009.10.24,360,4,16,23,25,35,40,27,3566716200,54041155,1476290,59139,5000
2009.10.17,359,1,10,19,20,24,40,23,1286712600,46368022,1036001,46822,5000
2009.10.10,358,1,9,10,12,21,40,37,3472654900,39461988,1256388,50884,5000
2009.10.03,357,10,14,18,21,36,37,5,5313394350,65597462,1587036,62643,5000
2009.09.26,356,2,8,14,25,29,45,24,1157185267,46912917,1374330,56761,5000
2009.09.19,355,5,8,29,30,35,44,38,2145424800,74493917,1634236,66058,5000
2009.09.12,354,14,19,36,43,44,45,1,2124464340,52070205,1745944,65187,5000
2009.09.05,353,11,16,19,22,29,36,26,5290838250,60814233,1692527,65058,5000
2009.08.29,352,5,16,17,20,26,41,24,1732858250,59753733,1486157,58810,5000
2009.08.22,351,5,25,27,29,34,36,33,2583357150,59387521,1514722,62094,5000
2009.08.15,350,1,8,18,24,29,33,35,1101052467,71807770,1379765,57527,5000
2009.08.08,349,5,13,14,20,24,25,36,3353209000,45313636,1435450,56511,5000
2009.08.01,348,3,14,17,20,24,31,34,3299994000,44594514,1350244,50233,5000
2009.07.25,347,3,8,13,27,32,42,10,1456624286,44720922,1214722,53306,5000
2009.07.18,346,5,13,14,22,44,45,33,2017727340,64670749,1467225,61695,5000
2009.07.11,345,15,20,23,29,39,42,2,5203577550,45645418,1687282,68394,5000
2009.07.04,344,1,2,15,28,34,45,38,1467106543,74418448,1547581,60593,5000
2009.06.27,343,1,10,17,29,31,43,15,1717153000,59212173,1566746,63842,5000
2009.06.20,342,1,13,14,33,34,43,25,3454095800,59553376,1467331,61517,5000
2009.06.13,341,1,8,19,34,39,43,41,1497207772,52931588,1414367,59458,5000
2009.06.06,340,18,24,26,29,34,38,32,1439393186,47979773,1492705,59752,5000
2009.05.30,339,6,8,14,21,30,37,45,1096778334,51411485,1486150,60324,5000
2009.05.23,338,2,13,34,38,42,45,16,3383431000,43377321,1506426,62091,5000
2009.05.16,337,1,5,14,18,32,37,4,1257500513,50808102,1404245,56462,5000
2009.05.09,336,3,5,20,34,35,44,16,1685632650,56187755,1704381,61422,5000
2009.05.02,335,5,9,16,23,26,45,21,2037492480,60639658,1389453,56057,5000
2009.04.25,334,13,15,21,29,39,43,33,1523002972,57317317,1684206,67934,5000
2009.04.18,333,5,14,27,30,39,43,35,1550987143,50263473,1325631,60326,5000
2009.04.11,332,16,17,34,36,42,45,3,1359448388,48989132,1650818,60589,5000
2009.04.04,331,4,9,14,26,31,44,39,2165902620,40109308,1322285,55866,5000
2009.03.28,330,3,4,16,17,19,20,23,1162280200,54481885,1218324,50370,5000
2009.03.21,329,9,17,19,30,35,42,4,1830391200,55466400,1506495,58376,5000
2009.03.14,328,1,6,9,16,17,28,24,1819795900,60659864,1318693,54657,5000
2009.03.07,327,6,12,13,17,32,44,24,882674750,45265372,1421377,55515,5000
2009.02.28,326,16,23,25,33,36,39,40,1832134550,59101115,1372386,57177,5000
2009.02.21,325,7,17,20,32,44,45,33,1806122450,54730984,1435710,57677,5000
2009.02.14,324,2,4,21,25,33,36,17,1865130350,46628259,1518836,59710,5000
2009.02.07,323,10,14,15,32,36,42,3,1461025388,72149402,1657902,64085,5000
2009.01.31,322,9,18,29,32,38,43,20,1904544700,65673956,1300031,56158,5000
2009.01.24,321,12,18,20,21,25,34,42,1959136100,55975318,1535374,56960,5000
2009.01.17,320,16,19,23,25,41,45,3,5513067900,73507572,1699991,64412,5000
2009.01.10,319,5,8,22,28,33,42,37,2135659380,68450622,1546235,59833,5000
2009.01.03,318,2,17,19,20,34,45,21,1207436600,64684104,1311481,56531,5000
2008.12.27,317,3,10,11,22,36,39,8,2576258550,68700228,1517232,59672,5000
2008.12.20,316,10,11,21,27,31,39,43,1673586400,57709876,1197130,48967,5000
2008.12.13,315,1,13,33,35,43,45,23,1308728625,54530360,1641554,62091,5000
2008.12.06,314,15,17,19,34,38,41,2,1660512200,69188009,1556244,60502,5000
2008.11.29,313,9,17,34,35,43,45,2,1715422800,65977800,1531628,61548,5000
2008.11.22,312,2,3,5,6,12,20,25,629017820,27112838,761892,34211,5000
2008.11.15,311,4,12,24,27,28,32,10,1237691063,38378018,1210752,50950,5000
2008.11.08,310,1,5,19,28,34,41,16,1296713325,59619004,1592036,64088,5000
2008.11.01,309,1,2,5,11,18,36,22,901622946,66119016,1189191,47826,5000
2008.10.25,308,14,15,17,19,37,45,40,10232872800,63165882,1743844,63461,5000
2008.10.18,307,5,15,21,23,25,45,12,2587643250,61610554,1465672,58085,5000
2008.10.11,306,4,18,23,30,34,41,19,2102669520,76183679,1437428,61822,5000
2008.10.04,305,7,8,18,21,23,39,9,2008210140,49220837,1215330,50589,5000
2008.09.27,304,4,10,16,26,33,41,38,1661646150,44909356,1165250,53519,5000
2008.09.20,303,2,14,17,30,38,45,43,1672749000,57681000,1444516,59459,5000
2008.09.13,302,13,19,20,32,38,42,4,5472167250,41455813,1608515,61360,5000
2008.09.06,301,7,11,13,33,37,43,26,1447385015,35927997,1328573,51361,5000
2008.08.30,300,7,9,10,12,26,38,39,836092425,49181908,1180922,47646,5000
2008.08.23,299,1,3,20,25,36,45,24,1483772529,59691999,1548362,59575,5000
2008.08.16,298,5,9,27,29,37,40,19,9909778500,41290744,1220717,51970,5000
2008.08.09,297,6,11,19,20,28,32,34,5056668750,60198438,1322005,55032,5000
2008.08.02,296,3,8,15,27,30,45,44,3066088275,46243415,1186303,54498,5000
2008.07.26,295,1,4,12,16,18,38,8,0,62969875,1616207,59131,5000
2008.07.19,294,6,10,17,30,37,38,40,2406504975,61705256,1411027,56496,5000
2008.07.12,293,1,9,17,21,29,33,24,1656764400,78893543,1435672,54268,5000
2008.07.05,292,17,18,31,32,33,34,10,720373950,45428988,995778,50256,5000
2008.06.28,291,3,7,8,18,20,42,45,1450585200,43393575,1379258,54144,5000
2008.06.21,290,8,13,18,32,39,45,7,2149214424,51251650,1361059,58573,5000
2008.06.14,289,3,14,33,37,38,42,10,0,63761694,1501748,58541,5000
2008.06.07,288,1,12,17,28,35,41,10,2357261550,65479488,1488171,62553,5000
2008.05.31,287,6,12,24,27,35,37,41,1328657100,41894594,1165489,51161,5000
2008.05.24,286,1,15,19,40,42,44,17,3236566300,59936413,1566586,66246,5000
2008.05.17,285,13,33,37,40,41,45,2,3164370100,60853272,1555738,61705,5000
2008.05.10,284,2,7,15,24,30,45,28,3117640300,111344297,1632273,61691,5000
2008.05.03,283,6,8,18,31,38,45,42,3137224600,65358846,1478429,59206,5000
2008.04.26,282,2,5,10,18,31,32,30,1322052643,48199836,1012735,46530,5000
2008.04.19,281,1,3,4,6,14,41,12,1554683200,42018465,1042712,41713,5000
2008.04.12,280,10,11,23,24,36,37,35,1355258529,58560554,1380904,58653,5000
2008.04.05,279,7,16,31,36,37,38,11,1914205320,59080412,1466150,57566,5000
2008.03.29,278,3,11,37,39,41,43,13,3186530000,59009815,1463054,57268,5000
2008.03.22,277,10,12,13,15,25,29,20,3272627800,52784320,1482169,59211,5000
2008.03.15,276,4,15,21,33,39,41,25,3312569000,53428533,1426602,55308,5000
2008.03.08,275,14,19,20,35,38,40,26,10044066900,88105850,1689215,64813,5000
2008.03.01,274,13,14,15,26,35,39,25,2505085575,45136678,1331784,58277,5000
2008.02.23,273,1,8,24,31,34,44,6,3339543100,79512931,1523515,59431,5000
2008.02.16,272,7,9,12,27,39,43,28,1104622800,42485493,1209442,52419,5000
2008.02.09,271,3,8,9,27,29,40,36,1565918150,55925649,1246751,52709,5000
2008.02.02,270,5,9,12,20,21,26,27,1927830060,50203908,1293499,53724,5000
2008.01.26,269,5,18,20,36,42,43,32,1961399940,74295453,1611933,64715,5000
2008.01.19,268,3,10,19,24,32,45,12,1350954515,45031818,1157206,50960,5000
2008.01.12,267,7,8,24,34,36,41,1,3257663300,58172559,1427548,59122,5000
2008.01.05,266,3,4,9,11,22,42,37,3207211700,44544607,1343054,54526,5000
2007.12.29,265,5,9,34,37,38,39,12,1200838575,84269374,1585266,60459,5000
2007.12.22,264,9,16,27,36,41,44,5,1344889200,58112497,1498604,62642,5000
2007.12.15,263,1,27,28,32,37,40,18,1551704900,57470552,1656036,61466,5000
2007.12.08,262,9,12,24,25,29,31,36,4518741600,71726058,1361888,54966,5000
2007.12.01,261,6,11,16,18,31,43,2,3192299100,49879674,1445788,56717,5000
2007.11.24,260,7,12,15,24,37,40,43,2310085575,59232964,1199422,52871,5000
2007.11.17,259,4,5,14,35,42,45,34,4838533500,64513780,1565869,64000,5000
2007.11.10,258,14,27,30,31,38,40,17,2426434350,57772247,938297,59213,5000
2007.11.03,257,6,13,27,31,32,37,4,2391377025,88569520,1292986,54996,5000
2007.10.27,256,4,11,14,21,23,43,32,4891017000,47951148,1367735,57230,5000
2007.10.20,255,1,5,6,24,27,42,32,1598618550,122970658,1516716,57689,5000
2007.10.13,254,1,5,19,20,24,30,27,9741015900,49197050,1325309,54852,5000
2007.10.06,253,8,19,25,31,34,36,33,2466189525,82206318,1406439,57604,5000
2007.09.29,252,14,23,26,31,39,45,28,1391089715,67622417,1493044,62547,5000
2007.09.22,251,6,7,19,25,28,38,45,1282616400,42753880,1376937,55153,5000
2007.09.15,250,19,23,30,37,43,45,38,1994726280,97780700,1581610,64771,5000
2007.09.08,249,3,8,27,31,41,44,11,1663568700,57364438,1423070,59378,5000
2007.09.01,248,3,8,17,23,38,45,13,1227479363,71158224,1417004,55624,5000
2007.08.25,247,12,15,28,36,39,40,13,1669313900,57562549,1638189,63856,5000
2007.08.18,246,13,18,21,23,26,39,15,1911774240,61274816,1231179,53462,5000
2007.08.11,245,9,11,27,31,32,38,22,1382583129,46086105,1477119,56159,5000
2007.08.04,244,13,16,25,36,37,38,19,9121583100,60810554,1387103,55353,5000
2007.07.28,243,2,12,17,19,28,42,34,2408850000,55375863,1474656,59418,5000
2007.07.21,242,4,19,20,21,32,34,43,1234542375,45723792,1322134,54286,5000
2007.07.14,241,2,16,24,27,28,35,21,2552016300,50039536,1759405,63267,5000
2007.07.07,240,6,10,16,40,41,43,21,5098251450,60693470,1567728,59238,5000
2007.06.30,239,11,15,24,39,41,44,7,1134140167,58662423,1570832,60921,5000
2007.06.23,238,2,4,15,28,31,34,35,1121660567,58016926,1578322,61640,5000
2007.06.16,237,1,11,17,21,24,44,33,1440630729,43095792,1530725,58626,5000
2007.06.09,236,1,4,8,13,37,39,7,5030040150,40894636,1602945,61553,5000
2007.06.02,235,21,22,26,27,31,37,8,3433330100,59195347,1457271,57657,5000
2007.05.26,234,13,21,22,24,26,37,4,2519743875,73036055,1601363,61167,5000
2007.05.19,233,4,6,13,17,28,40,39,999153750,64048318,1307109,53259,5000
2007.05.12,232,8,9,10,12,24,44,35,1110918400,92576534,1314178,51274,5000
2007.05.05,231,5,10,19,31,44,45,27,1088365900,85923624,1288516,55051,5000
2007.04.28,230,5,11,14,29,32,33,12,1292929163,68956222,1662397,61190,5000
2007.04.21,229,4,5,9,11,23,38,35,1451441100,62716591,1290662,50156,5000
2007.04.14,228,17,25,35,36,39,44,23,1146700334,44103859,1285539,52122,5000
2007.04.07,227,4,5,15,16,22,42,2,5253542400,72965867,1587653,61811,5000
2007.03.31,226,2,6,8,14,21,22,34,1744100150,45897373,1336476,54439,5000
2007.03.24,225,5,11,13,19,31,36,7,1777201800,43346386,1380888,54448,5000
2007.03.17,224,4,19,26,27,30,42,7,1808969950,69575768,1562151,59753,5000
2007.03.10,223,1,3,18,20,26,27,38,1498170600,44817070,1234369,51782,5000
2007.03.03,222,5,7,28,29,39,43,44,2275193820,57454390,1715833,66418,5000
2007.02.24,221,2,20,33,35,37,40,10,1800104250,40911461,1119468,47711,5000
2007.02.17,220,5,11,19,21,34,43,31,1958094950,69931963,1486785,58216,5000
2007.02.10,219,4,11,20,26,35,37,16,1208409167,44210092,1402952,56743,5000
2007.02.03,218,1,8,14,18,29,44,20,2779075800,71258354,1540081,61255,5000
2007.01.27,217,16,20,27,33,35,39,38,1611246172,64820249,1558696,58601,5000
2007.01.20,216,7,16,17,33,36,40,1,848506108,29181427,703840,46441,5000
2007.01.13,215,2,3,7,15,43,44,4,1587689615,57884518,1484219,56218,5000
2007.01.06,214,5,7,20,25,28,37,32,1406980875,52110403,1309124,53433,5000
2006.12.30,213,2,3,4,5,20,24,42,1376678025,55623355,928463,38462,5000
2006.12.23,212,11,12,18,21,31,38,8,2660747250,49273098,1444489,55382,5000
2006.12.16,211,12,13,17,20,33,41,8,1035800250,59528750,1319828,53295,5000
2006.12.09,210,10,19,22,23,25,37,39,5139085950,37239754,1319745,53262,5000
2006.12.02,209,2,7,18,20,24,33,37,1660896350,48849893,1223046,50351,5000
2006.11.25,208,14,25,31,34,40,44,24,1760767400,51787277,1438536,54787,5000
2006.11.18,207,3,11,14,31,32,37,38,2104673760,47402563,1457935,57627,5000
2006.11.11,206,1,2,3,15,20,25,43,2032859340,47056930,1093641,50992,5000
2006.11.04,205,1,3,21,29,35,37,30,1835221800,87391515,1671423,65466,5000
2006.10.28,204,3,12,14,35,40,45,5,1358347125,78744761,1534856,62837,5000
2006.10.21,203,1,3,11,24,30,32,7,2164564740,41948930,1358287,53913,5000
2006.10.14,202,12,14,27,33,39,44,17,1893391700,47334793,1536844,60558,5000
2006.10.07,201,3,11,24,38,39,44,26,9719465400,43781376,1202607,53073,5000
2006.09.30,200,5,6,13,14,17,20,7,1344616613,30910727,1292590,54137,5000
2006.09.23,199,14,21,22,25,30,36,43,5344252200,77452931,1698206,64281,5000
2006.09.16,198,12,19,20,25,41,45,2,1797855050,71914202,1712243,64564,5000
2006.09.09,197,7,12,16,34,42,45,4,1803018300,42929008,1467062,61588,5000
2006.09.02,196,35,36,37,41,44,45,30,727876520,67395975,1198743,62663,5000
2006.08.26,195,7,10,19,22,35,40,31,918992591,25527572,996346,47916,5000
2006.08.19,194,15,20,23,26,39,44,28,2650567875,84145012,1648364,65985,5000
2006.08.12,193,6,14,18,26,36,39,13,3404449700,85111243,1499758,58059,5000
2006.08.05,192,4,8,11,18,37,45,33,2445348375,42900849,1484729,58467,5000
2006.07.29,191,5,6,24,25,32,37,8,2577114675,74698977,1500504,57606,5000
2006.07.22,190,8,14,18,30,31,44,15,1784159450,54065438,1756063,66337,5000
2006.07.15,189,8,14,32,35,37,45,28,3461775100,52451138,1595289,66327,5000
2006.07.08,188,19,24,27,30,31,34,36,3501405200,53051594,1326290,57188,5000
2006.07.01,187,1,2,8,18,29,38,42,1544733900,94852082,1438300,60295,5000
2006.06.24,186,4,10,14,19,21,45,9,1187882600,38735303,1524230,60849,5000
2006.06.17,185,1,2,4,8,19,38,14,3522485800,51801262,1434237,53422,5000
2006.06.10,184,1,2,6,16,20,33,41,1747753050,56379131,1313113,55183,5000
2006.06.03,183,2,18,24,34,40,42,5,1777221500,71088860,1373433,52944,5000
2006.05.27,182,13,15,27,29,34,40,35,3721439400,42289085,1515245,63071,5000
2006.05.20,181,14,21,23,32,40,45,44,1941763300,80906805,1574829,64046,5000
2006.05.13,180,2,15,20,21,29,34,22,5763371550,54889253,1496203,61109,5000
2006.05.06,179,5,9,17,25,39,43,32,1081093920,33996665,1170016,51514,5000
2006.04.29,178,1,5,11,12,18,23,9,2254621080,42701157,1199778,50364,5000
2006.04.22,177,1,10,13,16,37,43,6,1693285500,65849992,1567857,61316,5000
2006.04.15,176,4,17,30,32,33,34,15,2314663080,48222148,1256604,50305,5000
2006.04.08,175,19,26,28,31,33,36,17,2371132620,41165497,1466922,58473,5000
2006.04.01,174,13,14,18,22,35,39,16,1771103058,79472574,1559462,63580,5000
2006.03.25,173,3,9,24,30,33,34,18,1487736788,31486493,1369924,50637,5000
2006.03.18,172,4,19,21,24,26,41,35,1081154073,104321885,1553383,60564,5000
2006.03.11,171,4,16,25,29,34,35,1,1961339700,103228406,1420232,54893,5000
2006.03.04,170,2,11,13,15,31,42,10,1923108250,71226232,1469144,57381,5000
2006.02.25,169,16,27,35,37,43,45,19,2482888380,66744312,1766929,65994,5000
2006.02.18,168,3,10,31,40,42,43,30,2349946920,36264613,1268322,52569,5000
2006.02.11,167,24,27,28,30,36,39,4,2491222920,57667198,1581127,64666,5000
2006.02.04,166,9,12,27,36,39,45,14,1111299982,72763690,1351947,57594,5000
2006.01.28,165,5,13,18,19,22,42,31,6767426700,56395223,1469583,57240,5000
2006.01.21,164,6,9,10,11,39,41,27,4054937900,51986384,1246906,54186,5000
2006.01.14,163,7,11,26,28,29,44,16,1629726515,40454205,1367876,57095,5000
2006.01.07,162,1,5,21,25,38,41,24,2308265760,58289540,1641259,62857,5000
2005.12.31,161,22,34,36,40,42,45,44,1996876272,33275487,1517999,63303,5000
2005.12.24,160,3,7,8,34,39,41,1,5490805350,57195890,1696264,62382,5000
2005.12.17,159,1,18,30,41,42,43,32,1755407300,73141971,1639036,63911,5000
2005.12.10,158,4,9,13,18,21,34,7,1069544340,39612754,1175841,52499,5000
2005.12.03,157,19,26,30,33,35,39,37,5484903750,65296474,1582945,59313,5000
2005.11.26,156,5,18,28,30,42,45,2,1401099900,62271107,1518808,62789,5000
2005.11.19,155,16,19,20,32,33,41,4,1193005734,48365098,1390450,56917,5000
2005.11.12,154,6,19,21,35,40,45,20,2836628700,59096432,1590485,62847,5000
2005.11.05,153,3,8,11,12,13,36,33,2730526125,35006746,1258888,50875,5000
2005.10.29,152,1,5,13,26,29,34,43,2278131840,63281440,1603415,62986,5000
2005.10.22,151,1,2,10,13,18,19,15,2716634025,40246430,1214681,53073,5000
2005.10.15,150,2,18,25,28,37,39,16,2831645850,41038346,1475969,57907,5000
2005.10.08,149,2,11,21,34,41,42,27,1639052143,44470407,1632987,63267,5000
2005.10.01,148,21,25,33,34,35,36,17,2323596420,55323725,1634035,61124,5000
2005.09.24,147,4,6,13,21,40,42,36,1700040215,56668008,1632412,63558,5000
2005.09.17,146,2,19,27,35,41,42,25,6043415250,59249170,1456596,64439,5000
2005.09.10,145,2,3,13,20,27,44,9,3797838200,49971556,1560328,60169,5000
2005.09.03,144,4,15,17,26,36,37,43,1402440413,49208436,1248279,50416,5000
2005.08.27,143,26,27,28,42,43,45,8,3954584700,56494068,1672837,69221,5000
2005.08.20,142,12,16,30,34,40,44,19,1018265564,66672150,1407859,57795,5000
2005.08.13,141,8,12,29,31,42,43,2,1900552400,65536290,1661323,65308,5000
2005.08.06,140,3,13,17,18,19,28,8,2109462840,51702521,1341898,54617,5000
2005.07.30,139,9,11,15,20,28,43,13,1650210215,68758759,1706778,67233,5000
2005.07.23,138,10,11,27,28,37,39,19,2227152000,57998750,1483582,60623,5000
2005.07.16,137,7,9,20,25,36,39,15,1270403467,47640130,1207608,52255,5000
2005.07.09,136,2,16,30,36,41,42,11,1997694150,76834391,1561919,59639,5000
2005.07.02,135,6,14,22,28,35,39,16,1717293515,71553897,1406959,60529,5000
2005.06.25,134,3,12,20,23,31,35,43,2349155100,39152585,1366106,56175,5000
2005.06.18,133,4,7,15,18,23,26,13,1450242600,37914840,1319002,50709,5000
2005.06.11,132,3,17,23,34,41,45,43,2920473525,57264187,1408816,59653,5000
2005.06.04,131,8,10,11,14,15,21,37,1451214488,58634929,1176264,52372,5000
2005.05.28,130,7,19,24,27,42,45,31,3036496650,67477704,1590206,63672,5000
2005.05.21,129,19,23,25,28,38,42,17,1093629655,40099754,1361160,56381,5000
2005.05.14,128,12,30,34,36,37,45,39,2064043100,89741005,1731580,65221,5000
2005.05.07,127,3,5,10,29,32,43,35,1965939150,45719516,1537091,58532,5000
2005.04.30,126,7,20,22,27,40,43,1,1369301500,58684350,1427347,57558,5000
2005.04.23,125,2,8,32,33,35,36,18,1754870786,56870813,1417832,55140,5000
2005.04.16,124,4,16,23,25,29,42,1,1395936267,56592011,1359679,55808,5000
2005.04.09,123,7,17,18,28,30,45,27,2532982680,55547866,1429126,58036,5000
2005.04.02,122,1,11,16,17,36,40,8,1450073800,57239756,1550329,59989,5000
2005.03.26,121,12,28,30,34,38,43,9,6839648100,73544604,1698870,67589,5000
2005.03.19,120,4,6,10,11,32,37,30,4364530300,70395650,1359667,54286,5000
2005.03.12,119,3,11,13,14,17,21,38,1474899400,45149982,1142743,51856,5000
2005.03.05,118,3,4,10,17,19,22,38,1297989720,52763810,1294624,51983,5000
2005.02.26,117,5,10,22,34,36,44,35,1558378334,46751350,1423610,59662,5000
2005.02.19,116,2,4,25,31,34,37,17,1997747315,41619736,1343346,50725,5000
2005.02.12,115,1,2,6,9,25,28,31,1488589567,65673070,1122053,48739,5000
2005.02.05,114,11,14,19,26,28,41,2,2362345050,57618172,1584404,60185,5000
2005.01.29,113,4,9,28,33,36,45,26,1561528934,54471940,1583701,64428,5000
2005.01.22,112,26,29,30,33,41,42,43,1567271167,73465836,1715991,66933,5000
2005.01.15,111,7,18,31,33,36,40,27,2199047450,43118578,1268194,50633,5000
2005.01.08,110,7,20,22,23,29,43,1,4566262000,60082395,1640181,61980,5000
2005.01.01,109,1,5,34,36,42,44,33,1246838200,80441175,1670246,68153,5000
2004.12.25,108,7,18,22,23,29,44,12,1998900772,56879291,1595111,65853,5000
2004.12.18,107,1,4,5,6,9,31,17,6679927800,63618360,1020928,48590,5000
2004.12.11,106,4,10,12,22,24,33,29,810461157,54030744,1051182,46205,5000
2004.12.04,105,8,10,20,34,41,45,28,3416781450,87609781,1711386,65904,5000
2004.11.27,104,17,32,33,34,42,44,35,6610743750,95807881,1704240,61361,5000
2004.11.20,103,5,14,15,27,30,45,10,1691589563,59354020,1424797,59679,5000
2004.11.13,102,17,22,24,26,35,40,42,1457153067,91072067,1616664,57919,5000
2004.11.06,101,1,3,17,32,35,45,8,2707297500,59370560,1605752,61634,5000
2004.10.30,100,1,7,11,23,37,42,6,3315315525,61394732,1431484,57484,5000
2004.10.23,99,1,3,10,27,29,37,11,2169219050,54230477,1372056,56196,5000
2004.10.16,98,6,9,16,23,24,32,43,3177972300,47081072,1126941,48251,5000
2004.10.09,97,6,7,14,15,20,36,3,1496214000,48789587,1454518,58123,5000
2004.10.02,96,1,3,8,21,22,31,20,1847133515,56710240,1800326,66002,5000
2004.09.25,95,8,17,27,31,34,43,14,1747741238,48548368,1348566,56540,5000
2004.09.18,94,5,32,34,40,41,45,6,2245339950,59087894,1659527,63155,5000
2004.09.11,93,6,22,24,36,38,44,19,2269178150,87276083,1552106,66160,5000
2004.09.04,92,3,14,24,33,35,36,17,1233270846,45219931,1393098,57011,5000
2004.08.28,91,1,21,24,26,29,42,27,3582902400,74643800,1982242,74431,5000
2004.08.21,90,17,20,29,35,38,44,10,3291435300,64537948,1691820,64645,5000
2004.08.14,89,4,26,28,29,33,40,37,4248321900,70805365,1585195,58463,5000
2004.08.07,88,1,17,20,24,30,41,27,3069709650,66015262,1729902,63321,5000
2004.07.31,87,4,12,16,23,34,43,26,1799358055,99964337,2639059,120466,10000
2004.07.24,86,2,12,37,39,41,45,33,14252186400,148460275,3887667,135515,10000
2004.07.17,85,6,8,13,23,31,36,21,3462109800,74453975,2804464,110577,10000
2004.07.10,84,16,23,27,34,42,45,11,7669779000,150387824,4026131,157805,10000
2004.07.03,83,6,10,15,17,19,34,14,7086948300,157487740,2775930,102880,10000
2004.06.26,82,1,2,3,14,27,42,39,14562494400,121354120,3810177,134320,10000
2004.06.19,81,5,7,11,13,20,33,6,2714288880,113095370,2162436,87580,10000
2004.06.12,80,17,18,24,25,26,30,1,13809540000,143849375,2651602,114362,10000
2004.06.05,79,3,12,24,27,30,32,14,3416443800,73471910,1904373,92154,10000
2004.05.29,78,10,13,25,29,33,35,38,3519850000,106662100,2578600,110500,10000
2004.05.22,77,2,18,29,32,43,44,37,5155758600,135677800,3615500,139200,10000
2004.05.15,76,1,3,15,22,25,37,43,7451022600,146098400,2956700,111600,10000
2004.05.08,75,2,5,24,32,34,44,28,3914616900,137354900,3194300,127900,10000
2004.05.01,74,6,15,17,18,35,40,23,5284949800,66061800,2588100,109100,10000
2004.04.24,73,3,12,18,32,40,43,38,2766662100,106410000,2029800,99500,10000
2004.04.17,72,2,4,11,17,26,27,1,3260524600,104081800,1824500,80300,10000
2004.04.10,71,5,9,12,16,29,41,21,0,88745200,3177500,125700,10000
2004.04.03,70,5,19,22,25,28,43,26,5031277800,179688400,3508500,136700,10000
2004.03.27,69,5,8,14,15,19,39,35,4962712200,124067800,3239300,120300,10000
2004.03.20,68,10,12,15,16,26,39,38,2945882100,122745000,3255800,113400,10000
2004.03.13,67,3,7,10,15,36,38,33,2114436500,39787700,2537900,105500,10000
2004.03.06,66,2,3,7,17,22,24,45,3685138200,129303000,3125600,122200,10000
2004.02.28,65,4,25,33,36,40,43,39,3727945800,92048000,2477800,94500,10000
2004.02.21,64,14,15,18,21,26,36,39,3899818000,236352600,3993600,140000,10000
2004.02.14,63,3,20,23,36,38,40,5,7922245500,101567200,3204700,127200,10000
2004.02.07,62,3,8,15,27,29,35,21,15817286400,119827900,3179900,126400,10000
2004.01.31,61,14,15,19,30,38,43,8,3541038800,268260500,3740000,143100,10000
2004.01.24,60,2,8,25,36,39,42,11,2172504600,93873600,2329500,110800,10000
2004.01.17,59,6,29,36,39,41,45,13,4127587300,119640200,4226900,157100,10000
2004.01.10,58,10,24,25,33,40,44,1,3676429200,62844900,1859600,84200,10000
2004.01.03,57,7,10,16,25,29,44,6,4114411900,109717600,2857200,124500,10000
2003.12.27,56,10,14,30,31,33,37,19,3777570900,86840700,1853100,122300,10000
2003.12.20,55,17,21,31,37,40,44,7,7088799600,98455500,3245700,111000,10000
2003.12.13,54,1,8,21,27,36,39,37,5148626600,171620800,3580400,147700,10000
2003.12.06,53,7,8,14,32,33,39,42,5014371000,100287400,3126100,110500,10000
2003.11.29,52,2,4,15,16,20,29,1,3900844900,200043300,3887200,150000,10000
2003.11.22,51,2,3,11,16,26,44,35,2421117000,93119800,2519300,105900,10000
2003.11.15,50,2,10,12,15,22,44,1,5227061400,186680700,3164000,129700,10000
2003.11.08,49,4,7,16,19,33,40,30,1967504600,46845300,1543600,69000,10000
2003.11.01,48,6,10,18,26,37,38,3,2415673600,96626900,1888700,83200,10000
2003.10.25,47,14,17,26,31,36,45,27,3250042400,246215300,3002600,133400,10000
2003.10.18,46,8,13,15,23,31,38,39,5327758800,68304600,2554000,117700,10000
2003.10.11,45,1,10,20,27,33,35,17,8356417800,103165600,3129700,122500,10000
2003.10.04,44,3,11,21,30,38,45,39,3362155800,121817200,3569100,139700,10000
2003.09.27,43,6,31,35,38,39,44,1,17749630800,140870000,3194600,131200,10000
2003.09.20,42,17,18,19,21,23,32,1,6899280100,131479800,3275200,115700,10000
2003.09.13,41,13,20,23,35,38,43,34,0,109404000,3282100,135900,10000
2003.09.06,40,7,13,18,19,25,26,6,1147652400,56513100,2356900,76400,10000
2003.08.30,39,6,7,13,15,21,43,8,2623748800,104949900,3753500,135400,10000
2003.08.23,38,16,17,22,30,37,43,36,5374866400,149301800,3957900,147700,10000
2003.08.16,37,7,27,30,33,35,37,42,4985999400,124649900,2908900,107600,10000
2003.08.09,36,1,10,23,26,28,40,31,16014475800,140477800,3475300,139300,10000
2003.08.02,35,2,3,11,26,37,43,39,5054598200,105304100,2708700,107800,10000
2003.07.26,34,9,26,35,37,40,42,2,3056918000,56609500,2015300,74300,10000
2003.07.19,33,4,7,32,33,40,41,9,14903517600,60583400,2336700,95200,10000
2003.07.12,32,6,14,19,25,34,44,11,1634528300,55596200,2264500,103300,10000
2003.07.05,31,7,9,18,23,28,35,32,8106672900,93180100,2391300,92500,10000
2003.06.28,30,8,17,20,35,36,44,4,8728555500,132250800,3336600,137500,10000
2003.06.21,29,1,5,13,34,39,40,11,3552594000,174146700,3936800,139800,10000
2003.06.14,28,9,18,23,25,35,37,1,1700361100,128815200,2434600,97900,10000
2003.06.07,27,1,20,26,28,37,43,27,9543982500,198832900,5494500,189800,10000
2003.05.31,26,4,5,7,18,20,25,31,3495069900,74680900,2173500,80600,10000
2003.05.24,25,2,4,21,26,43,44,16,24227745300,175267400,4417100,166600,10000
2003.05.17,24,7,8,27,29,36,43,6,0,176023700,3425300,120000,10000
2003.05.10,23,5,13,17,18,33,42,44,4317947700,125157900,2098100,90300,10000
2003.05.03,22,4,5,6,8,17,39,25,4552194900,94837300,3669600,113900,10000
2003.04.26,21,6,12,17,18,31,32,21,797475400,117576500,1522400,73600,10000
2003.04.19,20,10,14,18,20,23,30,41,19352212800,230383400,3632100,133900,10000
2003.04.12,19,6,30,38,39,40,43,26,40722959400,297278500,5971100,150900,10000
2003.04.05,18,3,12,13,19,32,35,29,0,175017300,3953700,136500,10000
2003.03.29,17,3,4,9,17,32,37,1,5349491200,297193900,2342100,86700,10000
2003.03.22,16,6,7,24,37,38,40,33,4377146100,243174700,3385200,123500,10000
2003.03.15,15,3,4,16,30,31,37,13,17014245000,177231700,5571100,144600,10000
2003.03.08,14,2,6,12,31,33,40,15,9375048300,130363400,2568700,93900,10000
2003.03.01,13,22,23,25,37,38,42,26,0,433309300,5777400,175600,10000
2003.02.22,12,2,11,21,25,39,45,44,1348845700,99914400,1417500,70200,10000
2003.02.15,11,1,7,36,37,41,42,14,4780152300,362132700,9307100,206800,10000
2003.02.08,10,9,25,30,33,41,44,6,6430437900,40813400,856400,27300,10000
2003.02.01,9,2,4,16,17,36,39,14,0,769456500,8743800,260000,10000
2003.01.25,8,8,19,25,34,37,39,9,0,131555000,2268100,110500,10000
2003.01.18,7,2,9,16,25,26,40,42,0,48165000,1605500,65500,10000
2003.01.11,6,14,15,26,27,40,42,34,6574451700,196297600,4267300,87600,10000
2003.01.04,5,16,24,29,40,41,42,3,0,0,6033800,166500,10000
2002.12.28,4,14,27,30,31,40,42,2,0,211191200,7282400,152100,10000
2002.12.21,3,11,16,19,21,27,31,30,2000000000,0,1174100,54900,10000
2002.12.14,2,9,13,21,25,32,42,2,2002006800,94866800,1842000,100800,10000
2002.12.07,1,10,23,29,33,37,40,16,0,143934100,5140500,113400,10000
